store_id,store_name,location,demographics
1,Butler-Butler,Brownside,medical
2,Calhoun  Turner and Kelly,Lawrenceberg,effect
3,ERROR,Lake Cynthiaview,give
4,Rodriguez-Jordan,New Jeffreymouth,human
5,Fox Ltd,South Nicholaston,building
6,Hess-Prince,Mauricemouth,recognize
7,Brown-Hernandez,North Travis,heavy
8,Lopez  Oconnor and Burnett,South Allison,although
9,Riggs  Martinez and Bates,Lake Ambertown,toward
10,Murphy LLC,South Erikburgh,pretty
11,Patterson and Sons,Woodview,None
12,Williams Group,Whitemouth,blood
13,Vargas-Day,New Christinehaven,get
14,Lynch Inc,New Jennifershire,charge
15,Cook-Todd,Daughertytown,direction
16,Wright  Brown and Vasquez,North William,safe
17,Wade  Erickson and Patton,Meganhaven,third
18,Wallace-Dawson,Christophershire,child
19,None,Jonesburgh,argue
20,Ali-Owen,Johnstad,term
21,Mcdaniel-Santos,West Billy,somebody
22,Chambers Group,Myersville,man
23,Hansen  Murray and Gray,North Paul,discussion
24,Howard PLC,Port Nancy,just
25,Brown  Johnson and Garcia,Eddiehaven,husband
26,Kim  Dunlap and Green,Kendraburgh,of
27,Marsh  Campbell and Smith,Stevenside,big
28,Webb Inc,Andrewville,affect
29,Hunt-Baker,South Jason,stage
30,Mullins Ltd,South Sabrina,white
31,Johnson and Sons,West Tamiland,job
32,Davenport  Callahan and Schneider,Fischerhaven,history
33,Wang-Sanchez,Phelpsberg,sit
34,Wallace-Murphy,Valerieville,south
35,Wilson PLC,South Dylan,discuss
36,Nelson-Evans,Stacystad,little
37,Harper-Jones,Johnstad,long
38,Moore and Sons,Williamsberg,necessary
39,Wolf-Johnson,New Laura,single
40,Fitzgerald PLC,South Kimberly,area
41,Holmes-Miller,New Alexandriaview,section
42,,East Toddburgh,want
43,Taylor LLC,Lake Matthewstad,foreign
44,Roth-Garner,New Robert,None
45,Bolton Group,Karenside,specific
46,Myers-Todd,Lake Christinaport,science
47,Davis-English,Shaunhaven,yourself
48,Dunn LLC,Elizabethburgh,itself
49,Hale-Anderson,Cookland,during
50,Turner  Choi and Johnson,North Maureenshire,process
51,Smith Ltd,Crawfordfurt,resource
52,None,Lake Paulburgh,administration
53,Blake  Thompson and Sweeney,Alexanderberg,tough
54,Brown Group,Torresfurt,claim
55,Owens Ltd,None,draw
56,,North Richard,personal
57,Lee  Franco and Davis,Jessicaburgh,worry
58,Reynolds Ltd,Meyerborough,condition
59,Lyons  Bradley and Brown,Wendybury,
60,Rios and Sons,West Bryan,every
61,Webb  Jones and Roberts,Pittmantown,machine
62,Chan PLC,New Kelli,marriage
63,ERROR,ERROR,nor
64,Price  Ortiz and Mason,Hannahborough,me
65,Smith Group,New Kendraview,great
66,Maynard-Mcgrath,Shannontown,common
67,Reed  Lawrence and Jimenez,East Steven,rather
68,Nichols PLC,South Curtisberg,performance
69,Kidd  Powell and Graves,South Brenda,month
70,Dunn Inc,Jaredstad,war
71,Nelson Inc,Lake Josechester,child
72,Thomas  Smith and Zamora,Odonnellmouth,drive
73,Love Inc,Stevenmouth,court
74,Wu-Thornton,Kellyhaven,nor
75,Guerra PLC,Cooleytown,social
76,Hatfield  Wilson and Carlson,South Scott,contain
77,Rivera and Sons,Sotohaven,apply
78,Bradley  Fisher and Shannon,Walkerfurt,church
79,Roberts-Miller,Debbieview,fear
80,Taylor  Juarez and Mason,Patriciachester,none
81,,Port Nicole,agency
82,Parker-Cochran,Ronaldburgh,suddenly
83,Henry-Hodges,Davidhaven,project
84,Mckenzie  Gill and Flores,Smithville,popular
85,Newton  Turner and Roberts,East Steven,picture
86,Walton  Davis and Palmer,Port Jameston,real
87,Bryant-Robinson,North Matthew,small
88,Sims  Higgins and Mueller,Jeremyberg,allow
89,None,Garzaport,number
90,Miller Ltd,Evansborough,somebody
91,Jones  Hayes and Bailey,Port Thomas,need
92,Smith  Rios and Morse,Lake Melanie,age
93,Alvarez Ltd,Danielshire,project
94,Carter  Ayala and Hamilton,Kristinaville,interest
95,Calderon  Patton and Weaver,Howellhaven,realize
96,Brooks Ltd,Jacobville,party
97,Thomas Inc,Martinezhaven,offer
98,Lowe Inc,Adrianton,dark
99,Griffin-Huang,Guerreroland,rather
100,Walker and Sons,West Steven,reach
101,Hale  Bowman and Wells,North Brian,experience
102,Owens Inc,Jefferyview,inside
103,Lewis-Miller,Hodgehaven,challenge
104,Fleming  Lopez and Chan,Phillipsborough,system
105,Owen-Chavez,Aaronton,tough
106,Manning-Anderson,South Joshuamouth,hair
107,Gregory  Davis and Shannon,East Michaelhaven,report
108,Clements  Carter and Ray,New Garyside,know
109,Huynh  Davis and Martin,West Coryshire,brother
110,Harris  King and Price,Claireland,wear
111,Singh and Sons,Boydhaven,three
112,Harrell  Owens and Williams,Anthonyhaven,song
113,Young-Lee,South Tina,few
114,Owen Group,Billyland,easy
115,Mclean-Lang,Port Samantha,road
116,Lyons LLC,Grahamburgh,would
117,Villarreal  Morgan and Brooks,West Markfort,sort
118,Miller-Myers,North Melanie,nation
119,Figueroa  Lee and Reid,Andreaburgh,television
120,Nielsen Inc,Mcguireville,treatment
121,Allen-Sanchez,Timothyborough,together
122,Turner  Allen and James,Tanyamouth,join
123,Robles and Sons,North Nichole,black
124,Brooks  Mcdowell and Gonzalez,New Charlesfurt,it
125,Rowe-Garcia,Port Colleenside,safe
126,Bailey  Woods and Peterson,New Donna,well
127,Martinez-Allen,West Jerryburgh,street
128,Velez  Krueger and Small,Durhamhaven,shake
129,Martinez  Roberts and Liu,East Dawnchester,now
130,Paul  Carlson and Harper,West Taylor,None
131,House-Lozano,South Deborahshire,international
132,Colon-Smith,Lake Davidview,position
133,Scott-Robinson,North John,class
134,Fischer-Johnson,,this
135,Washington and Sons,Lake Brandon,support
136,Campbell Inc,Susanview,rule
137,Farmer  Woodard and Mayo,Valerieton,home
138,Scott  Joseph and Young,Langbury,anyone
139,Martinez and Sons,Andrewschester,line
140,Porter Ltd,Andersonland,there
141,Ward-Norris,Craigchester,owner
142,Bates Inc,Underwoodmouth,surface
143,Craig  Young and Bridges,Port Christopher,north
144,Brock Ltd,Davidsonbury,play
145,ERROR,North Antonioburgh,move
146,Burke-Osborne,North Janiceburgh,million
147,Brewer LLC,Port William,stuff
148,Wilson-Moore,Dawnbury,first
149,Daugherty-Moore,Tracyshire,cup
150,Parker LLC,West Erika,off
151,Gomez-Johnson,ERROR,success
152,Garrett Group,West Jessicachester,local
153,Munoz-Lyons,Savannahmouth,task
154,Duffy-Orozco,Lisatown,activity
155,Robertson  Brooks and Ross,Waynebury,listen
156,Green and Sons,,blood
157,Hernandez  Owens and Patterson,East Elizabethmouth,call
158,Patel  Reyes and Bowman,Port Lisa,live
159,English  Johnson and Trevino,South Julie,argue
160,ERROR,East Christopher,who
161,Turner  Alvarado and Salazar,Port Matthew,scientist
162,Gonzalez  Baker and Douglas,West Theresaport,first
163,Chambers  Carroll and Miller,Williamsbury,attention
164,Rodriguez-Tucker,West Jessica,coach
165,Adams PLC,Smithview,commercial
166,Parrish and Sons,Emilyfurt,move
167,Cruz PLC,Snyderstad,expect
168,Villa-Navarro,Mitchellborough,main
169,Harris LLC,Port Daniel,teacher
170,Madden Ltd,South Jennifermouth,record
171,Barber-Kennedy,Charlesfurt,whom
172,Smith  Ramos and Webb,Garzabury,necessary
173,Herman  Kelley and Combs,Jilltown,win
174,Sweeney  Brown and Roberts,East Matthew,avoid
175,Taylor Ltd,South Brittany,old
176,Colon Inc,South Biancastad,today
177,Martinez  Bowers and Cunningham,North Whitney,
178,Guzman and Sons,Boylehaven,name
179,Clark  Oconnell and Ward,Wilsonport,accept
180,Wilson Group,Meganside,voice
181,Hudson-Bowers,Thomasport,hope
182,Molina  Buck and Little,Shannonfort,service
183,Adams  Ray and Olson,Port Danielview,meet
184,Murphy-Smith,Lake Jason,beautiful
185,Sanchez-Schwartz,Natalieborough,clearly
186,Lawrence-Gonzalez,Garciashire,traditional
187,Case-Spence,West Davidchester,big
188,Smith Inc,Stephenshaven,minute
189,Fox Inc,Reyesmouth,she
190,Garcia  Smith and Benson,Andrewsstad,figure
191,Walls-Rodriguez,Rosestad,big
192,Ingram-Cook,Port Juanville,education
193,David  Fischer and Collins,South Randall,edge
194,Davidson  Mendez and Cross,West Kathryn,market
195,Schroeder-Smith,Mccoyhaven,style
196,Cole PLC,South Levimouth,anyone
197,Wang and Sons,Pittsberg,them
198,Jenkins Group,Watkinsfort,push
199,Preston-Summers,Carlosmouth,peace
200,Hartman  Stanley and Thornton,Brycefurt,right
201,Nguyen-Martinez,Port Robinberg,meet
202,Meyer PLC,Medinashire,college
203,Garcia Ltd,Williambury,miss
204,Johnson and Sons,Alvarezhaven,indicate
205,Singleton Inc,Martintown,series
206,,North Kristin,fish
207,Tucker  Bryan and Gonzalez,Ortizchester,girl
208,Bennett and Sons,West Patrickmouth,apply
209,Johnson and Sons,Emilymouth,main
210,Hawkins-Lee,,about
211,Ramirez-Anderson,Simpsonshire,serious
212,Clark  Walton and Bradley,North Brandon,gas
213,Spencer and Sons,Carolynbury,deep
214,Clark  Thornton and Green,Ortizchester,serious
215,Williams-Coleman,Rossside,consider
216,Santiago  Smith and Smith,Nicholasfurt,employee
217,ERROR,New Donaldton,two
218,,New Savannahton,thing
219,Parker PLC,Jameston,crime
220,Aguilar-Turner,South Ashley,woman
221,Norris Group,Tracyport,somebody
222,Santiago-Burns,ERROR,garden
223,Walker PLC,Patriciachester,star
224,Burton  Travis and Harvey,Aaronville,way
225,Fischer-Smith,West Randy,maybe
226,Solomon-Torres,Hillland,identify
227,Hernandez  Greene and Vargas,New Scottburgh,job
228,Lewis-Neal,Alexanderborough,free
229,Peterson-Martin,Coltonville,page
230,Freeman-Caldwell,New Nicholasview,board
231,Perez  Cooke and Green,East Christopher,wear
232,Wright-Vasquez,Larryfort,decide
233,None,Adamhaven,step
234,Boyle PLC,Odommouth,form
235,Olson  Watson and Pace,North Carlymouth,upon
236,Downs-King,Lisaside,as
237,Price Ltd,Lake Megan,plan
238,Schroeder-Russell,New Michaelmouth,exactly
239,Lopez Inc,Lake Robertmouth,drive
240,Alexander-Hodges,Kyleside,kid
241,Harper  Simon and Baker,ERROR,hour
242,Weaver-White,North Trevorchester,especially
243,None,None,conference
244,Short  Aguilar and Neal,Johnchester,wind
245,None,Lake Kaylashire,toward
246,Johnson  Martin and Carroll,Port Nancyberg,central
247,Burke  Pineda and Obrien,South Wendyport,ever
248,Woods LLC,Lake Kevinstad,despite
249,Montgomery  Wilcox and Schmidt,Port Heather,thing
250,Daniels  Mcfarland and Le,Jenniferburgh,play
251,Curtis-Cooper,Gomeztown,station
252,Hicks  Wallace and Hunt,Pedroborough,even
253,Osborne PLC,None,now
254,Holland-David,Jonesstad,might
255,Scott and Sons,Port Robert,policy
256,Whitaker  Johnson and Gray,Lawsonburgh,score
257,Robinson and Sons,Brownmouth,learn
258,Duncan-Clark,Port Sarahton,today
259,ERROR,Branditown,month
260,None,Harrisbury,see
261,Warren Inc,Lake Shannon,though
262,Reid  Ferguson and Simmons,Mcdonaldland,feeling
263,Davis-Morse,New Markton,everybody
264,None,West Ronnie,forward
265,Fowler-Gomez,Brownburgh,
266,Hart-Marshall,North Christopherton,their
267,Jackson  Hanson and Greer,Port Dustin,source
268,Ray  Martinez and Chan,South Debraborough,doctor
269,Rice  Moore and Lee,New Taraton,provide
270,Mccormick PLC,Courtneyshire,same
271,English LLC,Chapmanton,None
272,Downs and Sons,Port Rodney,common
273,Taylor  Brown and Anderson,Mcintoshchester,speak
274,Munoz-Matthews,South Sharibury,None
275,Richards-Clark,East Gerald,degree
276,Harris-Cohen,Lake Taylor,career
277,Barnett-Alexander,East Ericastad,past
278,Garcia-Morales,Keithfurt,window
279,Walker-Murray,New Linda,resource
280,Fields Ltd,Port Pamelaside,speak
281,Reeves and Sons,East Leslie,real
282,Allen-Blankenship,Garciaville,wear
283,Flores-Snyder,Stewartmouth,them
284,Briggs Inc,Fieldsbury,near
285,Cherry and Sons,West Brendaberg,result
286,Stokes Ltd,Hendersontown,start
287,Thomas-Weaver,North Richard,past
288,Webb  Watson and Reeves,Deborahport,building
289,Fowler Group,Nicholsonshire,cut
290,Reed Inc,Ryanview,
291,Black LLC,Ianstad,police
292,Meyers  Franklin and Collins,Lake Williamchester,identify
293,Hawkins-Hughes,Saunderstown,spend
294,Campbell PLC,Richardberg,theory
295,Campbell-Stevenson,North Cory,officer
296,Brewer  Perez and Young,Keithhaven,possible
297,Todd Ltd,West Joeville,certain
298,Eaton-Sanchez,New Jonathan,tend
299,Bruce-Young,Rothchester,standard
300,None,Port Michaelbury,walk
301,Cunningham  Mayer and Fox,Carolynmouth,sport
302,Myers LLC,Lake Bobby,popular
303,Daniel LLC,Austinmouth,artist
304,Williams-Stanley,None,summer
305,Johnson  Castillo and Smith,Robinburgh,agency
306,Castro-Lee,Mcneilfort,he
307,Moore-Carroll,East Jesseshire,officer
308,Stevenson  Robinson and Castillo,West Jennifermouth,history
309,Sanchez  Donaldson and Jones,Ronnieshire,None
310,None,East Debrashire,hair
311,Moore Group,Port Stevenfort,room
312,Bean-Jackson,Simmonsburgh,sport
313,Gilbert Ltd,Bryanburgh,claim
314,Smith-Jenkins,Leachport,but
315,Moon Inc,Lake Katelynborough,result
316,Lucero-Herman,Stanleyland,ERROR
317,Stewart  Johnson and Bailey,South Thomasstad,wife
318,Franco-Mendoza,Andreachester,recent
319,Galvan  Williams and Riley,Spencerport,court
320,Berg-Phillips,South Mckenzie,eye
321,Murphy LLC,West Pamelafort,world
322,Taylor-Kennedy,South Vanessa,piece
323,Luna-Hogan,Lake George,performance
324,Johnson-Booth,New Aprilberg,design
325,Taylor-Newman,Taylorfurt,use
326,Gregory  Davis and Johnson,Erikafurt,make
327,Lyons  Moore and Montoya,Hicksport,she
328,Ayers-Parker,North Kevintown,focus
329,Harper Inc,Saraberg,against
330,Moreno-Thomas,Lake Jacobshire,go
331,Hawkins Group,Smithport,world
332,Russell and Sons,East Tiffany,join
333,Hicks and Sons,Port Lisaview,None
334,Roberts  Drake and Richard,Port Christina,perhaps
335,Brooks-Gomez,ERROR,consider
336,Davis-Mueller,Bankstown,response
337,Combs  Burch and Martinez,Ellenmouth,leg
338,Wilson Group,Port Brian,movie
339,Klein-Garcia,Emilyton,the
340,Turner-Ryan,Lake Sheilaburgh,enough
341,Rios-Benjamin,South Tiffany,summer
342,Neal-Randolph,Reevesborough,
343,Kaufman and Sons,Carlaland,nearly
344,Walter LLC,Branchville,oil
345,Perkins-Morales,Jacobtown,culture
346,Hernandez Group,Hopkinsville,tax
347,Wilson-Walker,Lake Joelberg,responsibility
348,Wright-Phillips,Hebertmouth,assume
349,Brown and Sons,South Bonnie,shoulder
350,Snow LLC,Danielberg,still
351,Taylor-Huffman,North Brianton,trial
352,Oliver Inc,Dawsonfort,safe
353,,South Dominique,worker
354,Williams-Lee,New Kathystad,coach
355,Deleon  Walker and Huber,Elizabethfurt,low
356,Nguyen  Padilla and Solis,Robertsshire,movement
357,Clarke  Griffith and Sanchez,Maryshire,mission
358,Rivera  Flores and Lee,Cannonton,sound
359,Morgan  Smith and Miller,Jacobburgh,popular
360,Gutierrez-Howard,North Michaelborough,notice
361,Harding Group,West Jenniferland,consider
362,Francis-Edwards,Port Kenneth,mother
363,Wise  Morgan and Hayes,Port Tanya,near
364,Woodard Group,Monicamouth,None
365,Davis-Porter,West Amanda,surface
366,Lambert-Thomas,Millerburgh,score
367,None,None,never
368,Payne  Baker and Cunningham,West Ericside,score
369,Shaffer and Sons,Francobury,what
370,Hall-Lewis,Lorimouth,pressure
371,Brown and Sons,East Lisaberg,southern
372,Stephens  Stein and Clark,Richardsview,poor
373,Simpson LLC,Gallagherfurt,surface
374,Aguilar and Sons,Shafferbury,skill
375,,New Michelleside,environment
376,Salazar LLC,Estradachester,save
377,Rodriguez  Ray and Walton,West Valerie,
378,Ortiz-Page,Williamshire,policy
379,Koch  Williams and Ross,Leefort,from
380,Ali-Bell,Harriston,star
381,Kennedy-Joseph,Murraymouth,cause
382,Ramos PLC,Powellhaven,
383,Carter-Hicks,New Melanieville,standard
384,Rice-Johnson,Jessicamouth,economic
385,Wright-Mendez,Port Zacharymouth,say
386,Martin-Leon,Jacquelinemouth,hit
387,Brown  Morrow and Butler,None,seem
388,Lewis  White and Evans,None,young
389,Evans  Paul and Contreras,Christineburgh,
390,Serrano  Bryant and Riley,Stewartbury,speak
391,Smith-Peterson,Vangmouth,building
392,Hernandez  West and Gonzalez,Cherylton,he
393,Braun-Quinn,South Janetburgh,get
394,ERROR,Cookborough,else
395,Matthews-Stevenson,Brownville,smile
396,Dudley Inc,North Ryan,None
397,Baker-Davis,Dianemouth,protect
398,Ball  Flowers and Williams,North Sharon,dream
399,Carpenter  Bell and Dominguez,Port Carltown,daughter
400,Dougherty  Weber and Taylor,Brookschester,expect
401,Wilson  Brown and Gordon,Youngbury,future
402,Wright  Reyes and Adams,West Nicole,body
403,Ingram  Ford and Fisher,Scottberg,nothing
404,Rice Group,Colemanborough,protect
405,Barnes Group,Raymondton,director
406,Moon LLC,North Erik,student
407,Ewing-Davila,Port Joshuastad,if
408,Rojas and Sons,Cooperfort,subject
409,Snow  Lewis and Hughes,Jeffreyville,citizen
410,Hernandez  Tucker and Allen,Port Tanyafort,generation
411,Santos-Simpson,West James,poor
412,Cline  Davidson and Hancock,None,system
413,Williams  Rios and Walker,North Nathan,write
414,Martin PLC,Garciamouth,defense
415,None,South Jamesmouth,indeed
416,Macdonald Inc,Blanchardmouth,president
417,Blair PLC,Jaimebury,new
418,Perez Group,New Juliaton,speech
419,Moore-Hernandez,Edwardsfort,up
420,Reed  Bradshaw and Newman,Floresfort,from
421,Anderson-Woodard,West Jacob,four
422,Jefferson Inc,,cost
423,Mitchell  Weaver and Williams,Frederickbury,ERROR
424,Lloyd-Koch,South Jacquelinechester,authority
425,Moore-Oliver,New John,ERROR
426,Myers Group,Lake Charleneton,identify
427,Allen-Hall,New Jacob,today
428,Lawson  Ponce and Jordan,Dianeville,perhaps
429,Butler-Brooks,Briggsberg,everything
430,Ayala  Vasquez and Hampton,South Jose,test
431,Davis  Wang and Ware,Michaelton,now
432,Bates PLC,East Elizabeth,election
433,ERROR,Prestonshire,under
434,Gutierrez  Mendoza and Smith,Davidsonborough,admit
435,Nielsen LLC,New Lisa,according
436,Salazar  Jackson and Rodriguez,Port Cherylland,tough
437,Perkins  Baker and Watkins,ERROR,toward
438,Marquez-Jones,Walshtown,create
439,Brown  Johnson and Sloan,Lake Vanessa,run
440,Adams  Anderson and Stewart,Boylehaven,weight
441,Cummings  Osborne and Willis,Susanside,start
442,Hanson  Mccoy and Gilbert,Martinezville,perhaps
443,West  Barton and Williams,Timport,future
444,Griffith  Erickson and Roberts,South Kimshire,evening
445,Davidson-Williams,Morganberg,affect
446,Jones-Roman,East Brittanyburgh,than
447,Williams-Gallagher,Tannermouth,sister
448,None,Melissaport,far
449,Roman  Wells and Stevens,South Susanbury,onto
450,ERROR,North Michael,government
451,Maldonado and Sons,Blairberg,again
452,Bishop-Jones,New Kyle,act
453,Martin Ltd,Christinemouth,window
454,Brown  Dickerson and Rose,Mcguirefurt,too
455,Wright  Brooks and Boyd,Pamelashire,outside
456,Bates-Chambers,Jenningsmouth,heart
457,Fry  Butler and Ferguson,Markview,economic
458,Meyer Ltd,Nancychester,ERROR
459,Burton  Patterson and Ray,New Jorge,threat
460,Parker-Hebert,None,smile
461,Brewer  Cole and Watson,Wintersport,defense
462,,Lake Brittanyfurt,likely
463,Pierce-Cummings,Timothyview,good
464,Pham-Velez,New Garyside,this
465,Reid-Ross,Bakerchester,skin
466,Foster Group,Rodgersfort,represent
467,Morris-Jones,Fosterfurt,measure
468,Gill Group,North Brendan,information
469,Jackson  Coleman and Rice,South Michelletown,lot
470,Roth  Moody and Mcbride,South Cheryl,wonder
471,Williams-Morris,West Kelseymouth,today
472,ERROR,West Anitafurt,hand
473,Moreno  Williamson and Johnson,Jacobsburgh,dream
474,Hanna PLC,Alyssachester,executive
475,Clark  Caldwell and Torres,None,Republican
476,Douglas  Salinas and Harper,New Karen,challenge
477,Santos-Fields,South Stephaniechester,worker
478,Hubbard and Sons,North Joseph,six
479,Lopez Ltd,West Ashleymouth,mean
480,Martinez-Thomas,New Lisa,image
481,Williams-Hahn,Frankburgh,also
482,Thomas LLC,North Mark,somebody
483,Jones PLC,Lake Sherryburgh,happy
484,Lopez PLC,Michellebury,letter
485,Garcia  Wilson and Herman,East Erica,treatment
486,Jackson  Hunt and Walker,Stacyside,business
487,Wallace Inc,Jessicafort,sure
488,Roberts-Hernandez,Kennedyborough,listen
489,Lawrence Ltd,South Matthew,account
490,Santiago-Mcclure,West Sergio,arrive
491,Stanley Ltd,East Kirk,current
492,Martinez-Miller,East Sallytown,operation
493,Lane-Ryan,None,knowledge
494,Anderson PLC,West Lawrencemouth,bring
495,Ortiz-Hopkins,West Greg,none
496,Callahan-Carter,Port Richardbury,clear
497,Torres Ltd,East Joe,reduce
498,Brown  Hale and Lambert,Littlefort,soon
499,Baker-Wyatt,Reevesside,yet
500,Wood-Conley,Kimberlymouth,return
501,Long PLC,Thomasshire,shoulder
502,Jones Ltd,,different
503,Vasquez  Mckee and Vincent,Steinfurt,truth
504,Gonzalez-Brennan,Jillianchester,growth
505,Camacho-Turner,West Aaron,general
506,Lopez  Kennedy and Callahan,New Evelynshire,nothing
507,Copeland Group,North Matthew,another
508,Reese-Wilson,ERROR,wife
509,Guerrero and Sons,Pearsonfort,forward
510,Pope and Sons,East Benjamin,None
511,Lee  Maxwell and Price,New Jamesbury,rich
512,Morris  Bishop and Sanchez,Michelleton,boy
513,Adams-Burton,Wardburgh,watch
514,Aguilar-Guzman,Meyerberg,whether
515,Lynch-Andrews,Pamelachester,single
516,Shaw  Thompson and Ortega,East Josephtown,establish
517,Lawson Group,Hensleymouth,change
518,Foster  White and Cook,Changstad,maintain
519,Shea  Dominguez and Haney,Port Juan,require
520,Stewart-Hodge,West Chrisborough,tend
521,Johnson Inc,Christineland,small
522,Freeman-Douglas,Mercadoburgh,international
523,Smith-Holloway,Mathewsstad,because
524,Dominguez and Sons,South Erikfurt,population
525,Thomas  Johnson and Davis,Willishaven,catch
526,Krueger  Hicks and Sandoval,Port Josephborough,benefit
527,Beard-Lawson,East Johnmouth,loss
528,Garcia-Holmes,Kimberlybury,hard
529,Brown and Sons,New Danny,pay
530,Grant  Acevedo and Tate,Morrisberg,lay
531,Keith  Brown and Holder,North Alyssa,four
532,Miller-Cantrell,East Laura,science
533,Martin  Perez and Herman,Lake Laura,sense
534,Moore Inc,Mercadomouth,area
535,None,Stephanieport,certainly
536,Smith PLC,South Melissamouth,third
537,Atkins  Jefferson and Shields,Jamieland,line
538,Nelson Inc,Lake Lisahaven,economic
539,Molina-Kaiser,Michaelview,true
540,Reynolds-Montgomery,West Andrewton,hospital
541,Valencia-Robinson,Port Cindy,suffer
542,Martinez Inc,Port Adam,network
543,Smith  Dean and Obrien,Toddfurt,network
544,Smith  Baker and Mcmillan,Guerrachester,realize
545,Roberts  Vasquez and Wagner,South Jennifermouth,attention
546,Morales PLC,Whitehaven,account
547,Adams Ltd,Lake Tracy,believe
548,Reese-Meadows,South Brittany,
549,Johnson  Yang and Mcneil,New Robin,quite
550,Pena  Reed and Gutierrez,South Kathymouth,southern
551,Scott  Marshall and Garrison,Stephenville,especially
552,Medina  Burns and Fischer,ERROR,discussion
553,Park LLC,Joymouth,score
554,Mitchell  Tucker and Little,Avilatown,
555,Taylor-Frank,East Andrewfurt,role
556,Morgan  Evans and Foster,West Joseph,fast
557,Mcbride and Sons,Lake Davidville,message
558,Anderson PLC,Port Joseph,street
559,Moss  Ford and Reed,South Marie,now
560,None,Morrisstad,None
561,Cunningham  Hanson and Peters,Port Carol,approach
562,Martin  Copeland and Quinn,Brianberg,somebody
563,Rogers  Simpson and Smith,ERROR,central
564,Lowery  Ware and Hardy,North Tammyfort,peace
565,Kelly-Velez,Andrewside,find
566,ERROR,Garybury,arrive
567,Perry-Schneider,Andersonton,knowledge
568,Salazar  Jackson and Adams,East Colin,bar
569,Ballard-Smith,Alyssaland,painting
570,Kelly Ltd,Wrightmouth,yourself
571,King  Martin and Harvey,Campbellberg,election
572,Morgan Ltd,Taylormouth,image
573,Howell and Sons,Christopherville,others
574,Brown and Sons,New Jeremy,course
575,Weber LLC,West Kimberly,international
576,Garrett PLC,Payneview,generation
577,Griffin PLC,West Alyssa,of
578,Davies LLC,Port Jeffrey,scientist
579,Hill  Brown and Jimenez,North Troy,almost
580,Cox-Thomas,New Jamiemouth,above
581,Garcia  Sullivan and Maddox,Josephfort,rate
582,Gonzalez Group,West Donnaview,opportunity
583,Johnson-Hurst,Perkinston,bad
584,Burke-Porter,South Michaelfort,job
585,Smith  Gutierrez and Smith,North Markborough,industry
586,Mccarthy-Yu,Wendyport,free
587,Thomas-Ortiz,Richardtown,today
588,None,Lake Justinstad,evidence
589,Morris  Cooper and Adkins,Lisaburgh,edge
590,Watson-Schwartz,Edwardburgh,thus
591,Beltran  Brown and Johnson,West Erika,summer
592,Graves PLC,Gonzalesville,nothing
593,Espinoza  Nelson and Aguirre,Wileytown,wonder
594,Berry  Sanders and Thompson,Aliciaborough,apply
595,Harmon Inc,New Brandon,best
596,Oconnell  Waters and Logan,East Katherine,since
597,Torres Ltd,Kimberlyshire,reason
598,Morales-Olson,Joychester,quickly
599,Williams  Wilson and Pierce,New Nathan,let
600,Ayala-Craig,East Stephanieton,modern
601,Martinez LLC,ERROR,program
602,Graves Group,Alexaburgh,data
603,Parker Group,Dennisbury,another
604,Ramsey-Waller,Kellerport,detail
605,Anderson and Sons,ERROR,threat
606,Hudson Inc,Lake Donaldfort,station
607,Miles Inc,New Christophertown,system
608,ERROR,Danielview,then
609,Robinson  Foley and Brandt,Bennettport,political
610,Wilson and Sons,East Jennifer,nice
611,Mack  Thompson and Duran,West April,eye
612,Henderson  Cole and Phillips,East Johnshire,always
613,Williams  Hernandez and Gordon,New Melanie,thought
614,Lopez-White,Port Amy,check
615,Mitchell-Hull,Jasonstad,vote
616,Turner  Jackson and Suarez,Evansside,large
617,Contreras Inc,New Jonathanport,will
618,Gay  Ray and Long,Joystad,cultural
619,Rios Inc,North Kathleenport,whom
620,Vaughn  Marshall and Knight,South Blake,treatment
621,Wade  Johnson and Montoya,Lutzport,
622,Burch-Herrera,Wallacehaven,war
623,Webb Ltd,West Christopher,pay
624,Jones Inc,East Edwin,quality
625,Davis-Kennedy,Rossport,let
626,Rush and Sons,None,when
627,Carter-Rasmussen,Nicholasfort,campaign
628,Blanchard  Salazar and Nunez,Timothyfort,protect
629,Peterson  Carr and Ross,West Michelle,glass
630,Smith  Boyd and Jones,Port Grant,miss
631,Reyes  Whitaker and Cisneros,Douglasview,over
632,Chapman  Hunt and Strong,East Davidbury,sport
633,Reynolds  Carter and Robinson,New Matthew,different
634,Jenkins-Meyers,South Richard,ERROR
635,Dawson  Wells and Mcguire,East Jasonbury,enough
636,Chen  Smith and Pena,Erinton,house
637,Humphrey Group,Port Catherine,energy
638,Reynolds LLC,Smithmouth,per
639,Gonzalez-Dyer,New Deanna,tax
640,Hill-Sharp,Michelleland,blue
641,Garcia  Ellis and Ramirez,ERROR,agreement
642,Alvarez-Patton,Traciebury,
643,Stewart-Hayes,New Ashley,business
644,Smith  Riley and Cox,Lake Davidfurt,on
645,ERROR,Cookhaven,quality
646,ERROR,Matthewberg,help
647,Hansen  Atkinson and Pearson,Herringtown,dark
648,Powers  Russell and Payne,East Thomasmouth,long
649,Flowers Ltd,Port Monicaton,have
650,Petty  Morris and Ferguson,Hamiltonmouth,statement
651,Good Ltd,Bonniechester,community
652,Lopez  Dennis and Conrad,Garciafort,wonder
653,Johnson LLC,New Deborah,data
654,Houston  Alvarado and Burgess,Paulville,look
655,Johnson LLC,Sharonmouth,build
656,Hill-Fernandez,Randyhaven,ERROR
657,None,South Jennifer,minute
658,Andrews  Grant and Brown,Morrowberg,themselves
659,Bauer  Mitchell and Kelly,Robertport,clearly
660,Flores-Wood,South Anthonychester,receive
661,Murray Ltd,Rodrigueztown,guess
662,Randall-Chen,North Jackmouth,blood
663,Higgins  Burns and Santos,ERROR,throughout
664,Hicks-Walter,New Samantha,close
665,Thompson  Osborne and Oconnor,Bellborough,card
666,Campos PLC,Terryport,anyone
667,Wright  Gomez and King,South April,likely
668,Drake  Bailey and Lewis,Lake Shanestad,all
669,Bradley-Mcknight,Jonesmouth,someone
670,Guerrero LLC,Bakerbury,information
671,Miller-Webster,Leahport,child
672,Khan Ltd,West Peter,study
673,Watts-Downs,North Leroy,final
674,Stewart Group,North Michelestad,
675,Espinoza  Stevens and White,Lake Mario,kind
676,Garcia  Mcbride and Rodriguez,Adamsside,authority
677,Owens PLC,North Julie,right
678,Smith and Sons,ERROR,matter
679,Robinson-Santiago,Lake Richard,indicate
680,Hudson Ltd,Carlosshire,
681,Moore  Miller and Ramsey,Rachaelton,hit
682,Jones  Santana and Edwards,New Ericport,north
683,Bennett-Wright,East Jeremymouth,ERROR
684,Pollard PLC,South Seanville,right
685,Torres  Ellis and Glover,West Deborah,movie
686,Montes-Ross,Mcfarlandfort,total
687,Smith  Gray and Neal,Timothyhaven,no
688,Underwood-Johnson,South Robertmouth,hair
689,Rice-Hughes,New Adrian,sure
690,ERROR,Phillipshire,we
691,Sanders Inc,,focus
692,Cole-Smith,Valeriefurt,even
693,Stokes-Young,North Luisfurt,political
694,Jones LLC,North John,represent
695,Cochran PLC,New Regina,bill
696,Mathews  Lara and Thomas,Lake Jacquelinefurt,rather
697,Ramos-Oliver,Vincentshire,former
698,Garcia-Parker,West Melanie,garden
699,Richardson and Sons,Pamelaton,at
700,Burke Inc,New Timothy,nor
701,Bryant-Martin,West Alice,past
702,Lamb  Banks and Jefferson,Ashleystad,information
703,Cox-Gardner,Port Leslie,wide
704,Eaton LLC,Port Denise,memory
705,Johnson  Chen and Anderson,Maldonadofort,such
706,Velasquez  Barnett and Lopez,West Melvin,because
707,Stephens-Kim,Port Ashley,instead
708,Cox-Cameron,West Valeriechester,side
709,Rich LLC,Deborahview,car
710,Harmon-Fox,Lake Joannafurt,
711,Lowery LLC,East Amber,free
712,Mcdonald  Smith and Henderson,Lake Kristen,artist
713,Hardy-Mcintosh,Westborough,north
714,Brown LLC,Garrisonbury,her
715,Mccann Group,Melissashire,key
716,Peterson PLC,Tracytown,current
717,Pearson  King and Green,New Sarah,apply
718,Black-Pena,Lisaberg,political
719,,Barrborough,pull
720,Lane-Jones,West Cynthia,hotel
721,Tran  Patterson and Vega,South Kyle,professor
722,Williams-Perez,Rogersland,specific
723,Campbell  Cook and Elliott,South Zacharyville,final
724,Fuller  Jensen and Austin,Port Amyhaven,song
725,Ross Ltd,Stevenhaven,new
726,Collins-Richardson,Morrischester,condition
727,Morgan and Sons,Erinland,the
728,Robbins  Campbell and Diaz,East Shellyborough,seek
729,Higgins  Chavez and Garcia,Alishastad,your
730,,Ethanton,feel
731,Kennedy PLC,Port Barbara,stay
732,Romero Group,Vanessaton,employee
733,Long Group,Carolynfort,power
734,Jones Inc,New Kimberlymouth,drop
735,Ford Inc,South Kristina,until
736,Hodges Ltd,None,she
737,Pruitt  Martin and Leon,Chavezborough,visit
738,Hayes  Evans and Walters,South Cameron,
739,Jimenez-Mckinney,East John,half
740,Navarro  David and Li,Carolview,trouble
741,Pena-Ward,West Cassandra,population
742,Fox LLC,Lake Karen,radio
743,Moore-Barrett,South David,type
744,Collins Inc,East Richard,PM
745,Bush  Johnston and Lin,Bartlettborough,area
746,Nichols Ltd,Rhodesfort,stage
747,Mcintyre Inc,Mcintoshview,town
748,,West Kim,usually
749,Martinez and Sons,Amandaton,on
750,Howard-Ray,Cookton,close
751,Clark-Campbell,Garciachester,
752,Holt-George,Stephanieside,determine
753,Ramsey-Graham,None,go
754,Davis-Fischer,New Adam,design
755,Chandler-Martin,South Jenniferbury,age
756,Taylor-Mason,Schwartzberg,guy
757,Estrada-Banks,East Melindaberg,
758,Fox Ltd,Garrisonfort,oil
759,Wilson  Flowers and Rogers,Lake Tracieville,may
760,Washington-Woods,South Robertshire,wide
761,Smith Group,Mcconnellbury,goal
762,Hernandez-Smith,Fosterburgh,such
763,Crawford-Knox,West Jenniferview,back
764,Buckley Ltd,Martinezburgh,economic
765,Richards Inc,Rachaelberg,give
766,Gutierrez  Price and Lee,New Alison,again
767,Williams  Kennedy and Eaton,Smithborough,thank
768,Key  Gonzales and Flores,East Brittanymouth,daughter
769,Jacobs-Foley,Rayland,rise
770,Singleton-Walker,Stephanieborough,alone
771,Cortez PLC,Evansport,point
772,Wilson  Adams and Mcdonald,New Aaron,reality
773,Fleming-Jones,South Ashley,public
774,Barber  Mccormick and Sanchez,Carltown,increase
775,Lee-Bryant,Pattersonchester,area
776,Thomas  Diaz and Wall,West Cathyfort,None
777,Cook Inc,New Melissaview,bed
778,Miranda  Gutierrez and Blanchard,None,away
779,Smith  Tucker and Dixon,Charlesside,difference
780,Mitchell-Turner,West Stephenview,fact
781,Owens  Price and Spencer,Franklinfurt,whether
782,Alexander and Sons,North Samanthaton,discussion
783,Stanley-Hall,Juliaberg,majority
784,Douglas PLC,Andreastad,leg
785,Bright  Santos and Jackson,Lake Amanda,stay
786,Hill and Sons,North Andrea,offer
787,Bell PLC,North Juan,soldier
788,Fernandez and Sons,North Kristinmouth,owner
789,George  Wright and Huber,East Michael,yes
790,Carey-Gamble,Turnermouth,project
791,Gomez and Sons,New David,forward
792,Morris  Jackson and Fields,Stephanieton,him
793,Anderson PLC,North David,north
794,Morgan-Martin,Lake Melissa,not
795,Jones-Hayes,East Jeremiahton,model
796,Adams  Williams and Davies,New Christopher,drop
797,Dickson Group,Caldwellburgh,indeed
798,Harrington  Hooper and Ferguson,Paultown,nor
799,Lane-Brock,Bartonmouth,give
800,Medina Inc,West Michele,memory
801,Harvey  Flores and Spence,North Jason,candidate
802,Gonzales-Young,Lake Chadside,method
803,Young  Keller and Ellis,East Travisland,science
804,Mullen  Ortiz and James,Briannachester,page
805,Vaughan-Morales,Daybury,note
806,Davis  Wells and Hunter,New Destiny,wind
807,Ramirez Inc,Matthewside,modern
808,Drake-Wilson,South Charlotteville,impact
809,Thornton PLC,Ginachester,safe
810,Osborne-Reyes,South Samanthamouth,main
811,Santos Ltd,Pittshaven,garden
812,Zhang-Mcfarland,West Jacqueline,new
813,Taylor  Holmes and Thompson,West Lisaton,perform
814,Riggs  Thomas and Hill,Jamesborough,example
815,Woodward-Jenkins,Tracyfurt,not
816,Alvarado-Boyer,West Melissa,special
817,Jensen  Cameron and Hudson,Lake Michael,store
818,,Barnettshire,woman
819,Simpson Inc,Jonesside,color
820,Villegas LLC,North Tyler,letter
821,Vega  George and Davis,East Courtneymouth,begin
822,Sanchez-Miller,Harrisonville,five
823,Henderson  Martin and Mercado,Rollinsstad,three
824,Wagner Group,Francisburgh,owner
825,Parker-Dunn,Jamesfort,imagine
826,Hicks-Brown,South Markchester,federal
827,ERROR,New Trevor,alone
828,Hughes PLC,Brownfort,ERROR
829,Villanueva  Brown and Lee,Bellstad,lawyer
830,Long-Hughes,Jeffreyview,assume
831,Petersen-Davis,New Shannonport,thousand
832,Taylor-Simmons,East Shannonmouth,budget
833,Bullock-Carter,Anthonytown,foreign
834,Murray LLC,West Jennifermouth,at
835,Ayala Inc,North Tiffany,light
836,Cook Inc,Leeville,claim
837,Guerrero  Harris and Conway,Angelamouth,market
838,None,Millerton,simple
839,Drake-Dominguez,New Ronald,smile
840,Sanchez  Morris and Knight,South Brian,finish
841,Schneider  Murillo and Moore,West Jennifer,write
842,ERROR,Rogerburgh,now
843,Rodriguez Inc,South Laura,mouth
844,Taylor  Collins and Mercer,West Jacquelineland,too
845,Knox-Pineda,West Morganton,lose
846,Forbes-Hudson,Johnnychester,follow
847,Lozano and Sons,Christopherberg,certainly
848,Bowen  Murillo and Barnes,West Stephen,right
849,Berger-Rodriguez,Port Tina,spring
850,Duarte-Ramirez,Denisehaven,son
851,Anderson  Fitzgerald and Mccall,East Mike,ten
852,Phillips and Sons,East Marcusberg,born
853,Abbott Inc,Lake Samuelchester,reflect
854,Perez  Hines and Christensen,Bryantview,position
855,ERROR,New Kelly,method
856,Joseph  Carroll and Tanner,Lake Eugeneside,at
857,Harmon Inc,South Danielleborough,week
858,Davis PLC,West Martin,edge
859,Moses LLC,Lake Jasonside,thousand
860,Allen and Sons,New Jason,
861,Gay  Jones and Parsons,Jonathanfort,mission
862,Best  Alexander and George,Watersfort,oil
863,Manning Group,Robertmouth,None
864,Jones Group,Carrilloside,firm
865,Anderson and Sons,South Anthony,four
866,George LLC,Kevinhaven,develop
867,Burns LLC,Jeffreyfort,blue
868,Carter-Williams,Lake Kathryn,trade
869,Hart  Yoder and Martinez,Michellefort,interest
870,Turner Ltd,North Thomas,ERROR
871,Holloway Ltd,East Travis,by
872,Estrada  Williams and Dalton,South Jesse,radio
873,Kim Ltd,Ericmouth,break
874,Green  Jimenez and Hansen,North Jessica,task
875,Gates-Jackson,South Jared,remain
876,Cooper Group,Johnsonside,she
877,Jackson  Johnson and Andrews,West Christopher,method
878,Hunter-Garcia,Williamsfort,arrive
879,Robinson PLC,Mcmahonberg,she
880,Waters  Avery and Stark,Wilsonview,when
881,Mathews-Dunn,Baileymouth,None
882,Frost-Allen,South Alan,federal
883,Williams-Dillon,West Robertmouth,his
884,Walker Inc,Lisaborough,you
885,Lopez Group,South Tammy,safe
886,Taylor-Garza,South Nicholas,dark
887,Ewing-Medina,Port Samantha,
888,Hernandez Group,Serranoburgh,middle
889,Keller-Campbell,East Lisa,second
890,Lester-Allison,Anthonyborough,run
891,,West Grace,test
892,Roberts PLC,Lisaland,benefit
893,Rojas  Weaver and Grant,South Jodiburgh,good
894,Schneider PLC,Mariebury,mind
895,Patterson and Sons,Jennifertown,never
896,Perez  Villarreal and Collins,Tylerview,Congress
897,Davidson Inc,Tinaton,including
898,Harrington  Jacobs and Owen,Petersmouth,cut
899,Lane LLC,South Joshuaville,appear
900,Johnson  Boyd and Mccormick,East Luis,rich
901,Clark-Schmidt,Younghaven,pressure
902,Johnson LLC,Lake Arthurland,middle
903,Manning  Sloan and Raymond,East Elizabeth,what
904,Schwartz and Sons,Port Ryanbury,throughout
905,James Ltd,East Susan,old
906,Scott-Owens,North Katherine,live
907,Griffith PLC,Mistychester,film
908,Morales-Goodwin,,church
909,Gardner-Martin,Rachelmouth,onto
910,Howard  Zuniga and Lopez,West Manuel,ERROR
911,Walsh  Conner and Barker,Jorgemouth,view
912,Grant-Adams,Mitchellhaven,evidence
913,Flynn Ltd,Lake Jesse,for
914,Anderson  Hurley and Gonzalez,Bellville,lead
915,Stevens-Hampton,Shortchester,board
916,Hopkins Ltd,Lake Randallburgh,religious
917,Taylor  Frost and Morton,South Brooke,protect
918,Lucero Ltd,Elizabethside,career
919,Carpenter-West,New Benjamin,relate
920,Hicks  Pena and Gomez,,chair
921,Holloway-Diaz,East Jamesmouth,responsibility
922,Spence Group,Lake Brittney,very
923,Carter  Jones and Hernandez,None,friend
924,Daugherty-Alvarez,,day
925,Bryan  Porter and Fitzpatrick,Valeriemouth,cultural
926,Jones-Russell,Newmanmouth,example
927,Carney-Perry,South Juliemouth,soon
928,Conner PLC,Jonestown,explain
929,Potter LLC,Port Holly,always
930,Moore  Woods and Pearson,Santiagoport,activity
931,Ponce LLC,Jenniferland,million
932,Rivera-Williams,Cynthiaview,sing
933,Duffy-Lane,Kariberg,beyond
934,Gonzalez Group,West Sandymouth,house
935,Allen Ltd,Port Brandon,lot
936,Turner-Jones,Griffithhaven,Mr
937,Wheeler  Pratt and Harris,North Jasminestad,eight
938,Scott  Morgan and Howard,Mccormickborough,turn
939,Payne-Cannon,Jameschester,money
940,Shepard LLC,Brendahaven,fear
941,Stevenson-Arnold,West Leahton,campaign
942,Atkins Ltd,Ramirezmouth,explain
943,Hendricks  Ferguson and Edwards,Lake Maryland,new
944,Hinton LLC,East Stanley,reflect
945,Russell  Jenkins and Tanner,East Natasha,record
946,Medina-Williams,Russellchester,anyone
947,Harris  Shepard and Levine,Lake Thomasport,available
948,Harris Group,East Tiffany,baby
949,Pineda Ltd,East Sherri,develop
950,Wilson LLC,Tonymouth,None
951,Young LLC,South Johnport,us
952,Smith  Snow and Carter,Lake Deborah,often
953,Bartlett Ltd,New Michelle,same
954,Bell  Jones and Dominguez,None,marriage
955,Suarez LLC,Morganview,kid
956,Petersen and Sons,Morganside,first
957,Gonzalez PLC,Scottmouth,clearly
958,Perry  Johnson and Smith,South Amber,individual
959,Evans-Webster,South Donna,true
960,Vance and Sons,New Aaron,blue
961,Evans  Mccarthy and Watson,Tiffanyhaven,rise
962,Barry-Matthews,New Douglas,lead
963,Griffin Inc,Mistyfurt,condition
964,Sampson Inc,North Sandrahaven,season
965,Benson LLC,Port Nicole,century
966,Fritz  Melton and Pollard,Lake Lisaton,city
967,Browning and Sons,West Joshua,decision
968,Luna Group,Changborough,public
969,James  Delgado and Garcia,Cummingsfurt,
970,Mitchell-Berry,West Michaeltown,across
971,White-Thompson,Millerburgh,ahead
972,Evans  Le and Ellison,New Adamstad,agreement
973,Owens PLC,Mckinneytown,sell
974,Harding  Walsh and Obrien,Lake Seantown,force
975,Johns  Ingram and Robinson,Maxwellmouth,issue
976,Huang-Fernandez,Wheelerchester,pull
977,Ayers LLC,Deborahburgh,small
978,Martin  Cole and Davidson,Lloydburgh,join
979,Bradley-Brennan,South Brittanyburgh,may
980,Hess  Garcia and Martinez,Raymondburgh,drop
981,Palmer  Odonnell and Cunningham,Erinhaven,street
982,Farmer  Sanders and Barron,,reason
983,Bauer  Hall and Price,Margaretstad,quickly
984,Richardson  Hall and Garcia,Marshallport,agreement
985,Hudson-Hood,East Amanda,sing
986,Williamson Ltd,South Cheryl,plant
987,Meyers  Atkinson and Juarez,Margaretbury,hundred
988,Smith-Bush,None,None
989,,West Cheyenne,product
990,Ritter-Miles,Pamelaview,more
991,Vaughn  Burton and Miller,Timothyfort,top
992,Smith-Walker,Hutchinsonburgh,positive
993,Thomas LLC,Spencerport,scene
994,Munoz-Clark,Diazview,factor
995,Garza-Meyer,Jesseborough,remember
996,Ortiz-Johnson,East James,student
997,Robinson Inc,Timothyview,speech
998,,Lake Bradley,should
999,Rodriguez and Sons,Jacobville,measure
1000,Pittman  Myers and Mckenzie,Hartshire,position
