19,"",Valladolid,Blanch
22,"",La Rioja,Alcázar
38,"",Girona,Carbajo
45,"","",Díaz
50,"",Albacete,Garmendia
55,"",Burgos,Barranco
72,"",Palencia,Bolaños
80,"",Salamanca,#e8c894
100,"",León,Cruz
108,"",Málaga,#b7a7e8
111,"",Pontevedra,Fuente
120,"",Cuenca,""
128,"",Las Palmas,Trillo
133,"",Alicante,Daza
146,"",Albacete,""
161,"",Málaga,""
163,"",Alicante,""
168,"","",Román
177,"",Zamora,Palacios
180,"",Álava,Mena
194,"",Asturias,Briones
195,"",Jaén,Niño
203,"",Melilla,Carrión
204,"",Murcia,Armas
212,"",Guadalajara,""
218,"","",""
224,"",Guadalajara,Almansa
226,"",Albacete,""
227,"",Zaragoza,Atienza
228,"",Almería,Lorenzo
230,"",Cuenca,Jurado
232,"",Melilla,Quero
237,"",#4d16ad,#ffccc9
238,"",Segovia,Córdoba
241,"","",Carpio
243,"",Valencia,Montoya
255,"",Sevilla,Agustín
256,"",#81f27b,Landa
258,"",Castellón,Somoza
262,"",Melilla,Verdú
266,"",Asturias,Cepeda
269,"",Soria,Sáez
275,"",Vizcaya,Torres
283,"","",Jara
284,"",Huelva,Pinto
287,"",Teruel,Sobrino
291,"",Murcia,Poza
303,"",Teruel,Bolaños
307,"",Zaragoza,Anglada
308,"",Madrid,""
310,"","",Guardia
316,"",Jaén,Burgos
321,"",Castellón,Martorell
328,"",Jaén,Calleja
333,"",Huelva,Arcos
341,"","",Lluch
351,"",Alicante,Cabrera
352,"",Zamora,Castejón
369,"",#6cddb0,""
375,"",Valencia,Piquer
377,"",#f458cb,Guillen
398,"",Baleares,Villar
410,"",Lugo,Bru
413,"",Ávila,Contreras
446,"",Pontevedra,Hernando
460,"",Murcia,""
464,"",Jaén,Parra
466,"",Huelva,Riquelme
468,"","",Montenegro
472,"","",Falcón
491,"",Murcia,Montoya
499,"",Huelva,Bosch
519,"",Albacete,Almagro
524,"",Álava,Aparicio
533,"",Las Palmas,Batalla
547,"",Lleida,Alfonso
550,"","",Villanueva
564,"",#f4b2c2,Llabrés
567,"",Asturias,Naranjo
571,"",#dd6e76,""
585,"",Ceuta,Roda
592,"",Vizcaya,Nuñez
623,"",Cáceres,Rios
633,"","",Maza
636,"",Cádiz,Lucena
637,"",La Coruña,Pedrero
650,"",Lugo,Losada
651,"",Toledo,Romero
662,"","",#058905
665,"",Lleida,Albero
671,"",Soria,Bustamante
679,"",Teruel,Parejo
681,"",Madrid,#d9f237
683,"","",Feijoo
691,"",Navarra,Cepeda
693,"",Soria,Boix
697,"",Jaén,#ce77d8
701,"",Cádiz,Torrens
705,"",Ávila,Dueñas
707,"",Girona,Roig
714,"",Zaragoza,Godoy
725,"","",Jove
726,"",Valladolid,Galván
731,"",Córdoba,Herrero
735,"","",Bonet
739,"",Castellón,Feijoo
745,"",Guipúzcoa,#d310ac
757,"",Ciudad,Salgado
758,"",Guipúzcoa,Jara
769,"",Murcia,Tamarit
771,"",#f4737d,Carnero
773,"",Huesca,#ffed51
774,"",Asturias,Montserrat
783,"",Soria,Cózar
784,"",Ourense,Guillen
785,"","",""
804,"",Málaga,Roman
806,"","",Esteban
812,"","",Coloma
815,"",Madrid,Julián
816,"",Vizcaya,Valle
819,"",Guipúzcoa,""
820,"",Vizcaya,Pla
821,"",Cádiz,Garrido
825,"",La Rioja,Anguita
835,"",Tarragona,Mendizábal
861,"",Guadalajara,Escalona
862,"",Ourense,Llanos
873,"",La Coruña,""
880,"","",Cortina
891,"",Jaén,Abril
894,"",Alicante,Cortina
900,"",Tarragona,Tello
904,"","",Alonso
906,"",Castellón,Tejedor
912,"",Tarragona,Cañas
926,"",Cádiz,""
932,"",Huesca,Reig
938,"",Santa Cruz de Tenerife,Escribano
941,"",Alicante,Puerta
942,"",Navarra,Montenegro
945,"",Ceuta,Tapia
955,"",Guipúzcoa,Patiño
966,"",La Rioja,Gonzalo
968,"",Burgos,Moreno
969,"",León,Zorrilla
972,"",Málaga,""
980,"",Huesca,Gual
981,"",Burgos,#0b7f58
984,"",Baleares,Planas
986,"",Navarra,Teruel
994,"",Palencia,Pons
999,"","",#cc872c
1011,"",Granada,Álvarez
1014,"","",Vaquero
1023,"",Álava,Nadal
1034,"",Asturias,Bejarano
1042,"",Madrid,Carpio
1047,"",Albacete,Lerma
1048,"",#1717c6,Sola
1049,"",Valladolid,Alcolea
1050,"",León,Ramis
1055,"",Pontevedra,Tejada
1083,"",Cantabria,Cuadrado
1086,"",Cáceres,Arenas
1087,"","",Abellán
1092,"",Cantabria,Izaguirre
1099,"",Albacete,Zaragoza
1109,"",Huelva,Trujillo
1120,"",Guadalajara,Paniagua
1127,"","",Álamo
1133,"",Guipúzcoa,Milla
1142,"",Huelva,Mayo
1144,"","",Barrio
1150,"",La Rioja,Aguilera
1153,"","",Jordá
1162,"",Cuenca,""
1165,"","",Peral
1167,"","",Reina
1169,"",Alicante,Varela
1201,"",Santa Cruz de Tenerife,Criado
1205,"",Lleida,Fernandez
1219,"",Cuenca,Acuña
1229,"",Pontevedra,Quintero
1246,"","",Crespo
1273,"",Albacete,""
1290,"","",Pomares
1294,"",Melilla,Torres
1324,"",Álava,#e5064d
1329,"","",Alfonso
1332,"",Guadalajara,Corral
1334,"",Girona,Corominas
1346,"",Girona,Olmedo
1357,"","",Mora
1369,"",Granada,""
1370,"",#eda8da,Taboada
1373,"",Guadalajara,Reguera
1386,"",Guipúzcoa,Cepeda
1387,"",Jaén,#ffd0c9
1391,"",#ab9eed,Almansa
1393,"","",Leon
1397,"",La Rioja,Pont
1409,"",Huelva,Gisbert
1417,"",Ávila,Fernández
1419,"",Badajoz,Bonet
1421,"",Guadalajara,Roldan
1422,"",#cded8e,Lara
1423,"",Ciudad,Colom
1424,"",Castellón,Saavedra
1442,"",Melilla,Jaén
1462,"","",Roldan
1466,"","",Heras
1483,"",Málaga,""
1496,"",Almería,""
1497,"",Albacete,Benito
1515,"",Cádiz,""
1521,"",Sevilla,Arnal
1533,"","",Elías
1538,"",Badajoz,""
1539,"","",Mora
1547,"",Zaragoza,""
1554,"",Burgos,León
1558,"",Madrid,Corominas
1565,"",#f9aee3,Vallés
1571,"",Valencia,Alberola
1573,"",Cantabria,""
1574,"",Girona,Peinado
1577,"",Huesca,Acuña
1578,"",Melilla,Paniagua
1579,"",Cáceres,Collado
1588,"",Girona,Vall
1624,"",Salamanca,Cuadrado
1646,"","",Cabanillas
1649,"",Santa Cruz de Tenerife,Rubio
1650,"",Asturias,""
1653,"",Teruel,""
1657,"",Asturias,Esteve
1663,"",Salamanca,""
1668,"",Barcelona,Báez
1673,"",Asturias,Vallejo
1680,"","",Uría
1683,"",Almería,Fábregas
1684,"","",Gimeno
1693,"",Tarragona,Anaya
1697,"",Santa Cruz de Tenerife,Anglada
1698,"","",#fcc4e3
1703,"","",Lara
1706,"",Palencia,Carballo
1717,"",Ourense,""
1718,"",Sevilla,Caballero
1719,"","",Esparza
1725,"",Soria,""
1729,"",Huelva,Barco
1735,"",Tarragona,Bayona
1741,"",Ciudad,Ayala
1745,"","",Pastor
1749,"",Zamora,Caparrós
1759,"",Cádiz,""
1766,"",La Coruña,Pedrero
1779,"",Madrid,#9fb724
1787,"",Sevilla,Villegas
1791,"",Lugo,Quintana
1793,"",Ávila,Vázquez
1798,"",Toledo,Escribano
1799,"",Cáceres,""
1802,"",Segovia,Torres
1828,"",#5f0891,Espada
1836,"","",Colom
1837,"",Toledo,""
1841,"",Badajoz,Clemente
1874,"",Castellón,Guardiola
1880,"","",Gascón
1885,"",Guipúzcoa,Yuste
1900,"",Alicante,Luís
1911,"","",Mayo
1920,"",Lugo,Frutos
1933,"",Huesca,Arenas
1934,"","",Mur
1970,"","",Cornejo
1972,"",#ffaacc,Ayala
1985,"",Las Palmas,Codina
1986,"","",Santana
1987,"",Madrid,""
1997,"",Las Palmas,Gámez
2002,"",Tarragona,Andrés
2018,"",Álava,""
2026,"","",Coloma
2045,"",Cantabria,Sanjuan
2048,"",Ourense,Sarabia
2052,"",#bc0b34,Bustamante
2070,"","",""
2072,"",Huesca,#bf2052
2074,"",Alicante,Mosquera
2077,"",Las Palmas,Gallego
2079,"",Cádiz,""
2089,"",Madrid,#033a63
2090,"",Granada,Tomás
2106,"",Ceuta,Somoza
2126,"",Zamora,Ramis
2148,"","",""
2154,"",Vizcaya,""
2157,"","",Jove
2158,"","",Verdugo
2172,"",Cáceres,Segura
2183,"",Jaén,#5eedc9
2190,"",Jaén,Crespo
2204,"",Asturias,Cáceres
2214,"",Segovia,Pastor
2226,"",Girona,Cerdá
2229,"","",Hernando
2231,"","",Macias
2234,"",Álava,Alonso
2247,"",Barcelona,Vendrell
2267,"",Murcia,Vázquez
2268,"","",Muro
2271,"",Castellón,Neira
2288,"","",Gras
2294,"",#2c79a5,Velasco
2295,"",Tarragona,Cañizares
2303,"",Almería,Durán
2304,"","",""
2307,"",Sevilla,Ibáñez
2323,"",Lugo,Pardo
2332,"","",Asenjo
2334,"",León,""
2337,"",Castellón,Mayoral
2349,"",Cantabria,Rey
2358,"",Ciudad,Pina
2367,"",Almería,Moraleda
2370,"",Alicante,Castillo
2383,"",Huelva,Perera
2385,"",Sevilla,Coronado
2410,"",Huesca,""
2422,"",Burgos,Carreño
2424,"",Murcia,Mariño
2429,"",Málaga,Mur
2432,"",Lleida,Morante
2433,"",Jaén,Barba
2445,"","",#028e8a
2446,"",Soria,Pont
2453,"",Córdoba,Bravo
2454,"",Asturias,Sabater
2466,"",Teruel,Sotelo
2468,"","",Prat
2471,"",Ciudad,Amador
2475,"",Alicante,Sevillano
2494,"",Guipúzcoa,Romeu
2512,"",#42ce62,Gómez
2515,"","",Garcés
2522,"",Santa Cruz de Tenerife,Madrigal
2528,"",La Coruña,Valle
2536,"","",Salvà
2539,"","",Lasa
2553,"",Cáceres,Espada
2560,"","",""
2561,"",Burgos,Isern
2568,"",Ávila,""
2581,"",Castellón,""
2583,"",Guadalajara,Iborra
2591,"",La Rioja,Abella
2599,"",Zaragoza,Goicoechea
2605,"",Valladolid,Giménez
2616,"",Santa Cruz de Tenerife,Silva
2625,"",Teruel,Antón
2630,"",Santa Cruz de Tenerife,Andrade
2632,"",Salamanca,Jordán
2634,"",Guipúzcoa,Ribera
2639,"",Tarragona,Bárcena
2644,"","",""
2659,"",La Rioja,Bonet
2665,"",Murcia,#ffe8cc
2666,"","",Piñeiro
2670,"",Lugo,Murcia
2682,"",Almería,""
2683,"",Huelva,Leiva
2686,"","",""
2688,"",Lleida,Sales
2699,"",Ciudad,Salmerón
2710,"","",Palacios
2716,"",Jaén,""
2749,"",Guadalajara,""
2751,"",Palencia,""
2757,"","",""
2765,"",Barcelona,Gilabert
2769,"",Castellón,Robles
2774,"",Vizcaya,Julián
2784,"",Valencia,Bernat
2789,"",Huelva,Solís
2793,"",Salamanca,Alsina
2796,"",Guadalajara,Cáceres
2799,"",Navarra,Frutos
2802,"","",Mascaró
2805,"",Jaén,Amigó
2811,"","",Nieto
2820,"","",Folch
2828,"","",#9fea77
2829,"",Jaén,""
2831,"",Álava,Peláez
2834,"",Murcia,Leiva
2842,"",León,Miralles
2848,"",Las Palmas,Abascal
2862,"",Granada,Huguet
2872,"",Guipúzcoa,""
2877,"",Cuenca,Lago
2887,"",Valencia,Bernal
2890,"",#9d9ced,Alvarado
2899,"",Guadalajara,León
2905,"",León,Duarte
2921,"",#f486ad,Bou
2931,"",Lugo,Guillén
2937,"",#bc5b38,""
2938,"",Asturias,Gomez
2939,"",Castellón,Bustamante
2947,"",Soria,Busquets
2950,"",Melilla,Mendoza
2951,"",Castellón,#f43935
2960,"",Zamora,""
2964,"",Valladolid,Rius
2972,"",Ourense,Gomez
2981,"",Valencia,Escribano
2988,"",Ávila,Pagès
2992,"",Cáceres,Mascaró
2997,"",Huelva,Terrón
286,#00c4bd,Álava,Barrio
1119,#0229c9,#f72274,""
1224,#03a57f,Almería,Estrada
1525,#0afc4e,La Rioja,Iglesias
2103,#116b69,"",Naranjo
605,#1187c6,Las Palmas,Fuertes
43,#141ead,Segovia,""
2827,#19c4b0,Huelva,""
2889,#1d31c6,Zamora,Soriano
580,#26ef1f,Valencia,Berrocal
2979,#2daeff,Toledo,Ayuso
2794,#3097d3,Huesca,""
455,#319307,Santa Cruz de Tenerife,Armas
1692,#35ff7c,"",Pinilla
2021,#382fe2,Soria,""
1625,#39a4b5,Girona,""
1046,#3eefc0,"",""
875,#3fdb6b,Barcelona,""
2257,#41afae,#68aa11,Cañas
2477,#422abf,"",#bf8c33
2507,#46fc6e,Zaragoza,""
2517,#4c55ff,"",Cuéllar
1783,#4ff9ad,Zaragoza,Bermudez
2331,#5147c1,"",Cózar
2555,#519102,Almería,Carvajal
2643,#55db62,Badajoz,Sobrino
964,#5686d3,Soria,Cid
596,#5834a8,"",Palmer
743,#58d14f,Las Palmas,Vazquez
566,#59eac6,Lugo,Monreal
2151,#5de2b8,Madrid,""
591,#5ebf3b,Huelva,Millán
395,#65d89f,Segovia,Corbacho
1636,#67afef,"",Rey
1220,#6862db,Santa Cruz de Tenerife,""
2871,#68e2d4,"",Casares
206,#6abf15,Cuenca,Puga
2283,#6ff0f2,Barcelona,Busquets
2181,#70deef,Cantabria,Dueñas
2241,#70f49a,"",""
2898,#70fcff,Valladolid,Martín
1260,#72c938,Madrid,Alarcón
390,#747f00,Murcia,#0aada5
2376,#757c09,Málaga,Padilla
2923,#76c2d3,Ávila,Escolano
15,#7787ce,Almería,Casanova
299,#7ef788,Cáceres,Díez
973,#80c62f,"",Hidalgo
1170,#8372d8,Burgos,Carreño
1339,#839dd1,Ceuta,Doménech
1935,#85bedd,"",Ariza
2066,#85e2c3,Lugo,""
1959,#85f2e5,Teruel,Diez
1166,#8647aa,Huelva,Camps
686,#8af260,#4eabd3,Lorenzo
715,#8bf9b9,Melilla,Olmo
2631,#8c85db,Granada,Santamaria
575,#8cc7ff,"",Páez
2788,#8ccee2,"",Pintor
1519,#90a1ed,Asturias,Berrocal
1007,#94c425,Sevilla,""
2559,#99fcac,Sevilla,Tolosa
2701,#9bffd3,Pontevedra,Olivera
943,#9cd4ed,Córdoba,Belmonte
2714,#a00826,Albacete,Casal
927,#a1a7e2,Cuenca,Gimenez
2713,#a2f9b6,Ciudad,""
1197,#a4dbf4,Segovia,Franco
470,#a4f9cb,Melilla,Ripoll
2348,#a505ba,Murcia,Catalán
1769,#a9abe8,"",Balaguer
2123,#b21ee8,Guipúzcoa,""
358,#b6ed7b,Lugo,Ureña
709,#b6f74f,Valladolid,Espinosa
645,#b8fca1,"",Vendrell
565,#bf1d15,Valladolid,Galan
556,#c0dcf9,Alicante,Robles
1878,#c1f0ff,Girona,Cantero
1670,#c2f8f9,#d32ffc,Expósito
338,#c39dea,Huesca,Donoso
1398,#c8ea72,"",Girón
24,#c8ffb2,Córdoba,Daza
2909,#cdf4a1,Palencia,López
2208,#ce3d4c,"",Adadia
2595,#d0f7a0,Valladolid,Real
387,#d308d3,Vizcaya,Canals
1633,#d36e45,Albacete,Cal
734,#d3f49a,Ciudad,Antón
137,#d4e57e,Girona,Coll
20,#d779f7,Guadalajara,""
1089,#d80cf7,Alicante,Sarmiento
2065,#d86711,Cantabria,Español
710,#d8b04b,Navarra,#fce262
1503,#db77f4,Cantabria,Malo
496,#db7d55,León,Heredia
370,#db9151,Pontevedra,Cabrera
2758,#dd5b3e,Málaga,Miranda
1132,#e059d5,Badajoz,""
1456,#e06438,Soria,Giménez
2830,#e06b47,Castellón,Barragán
93,#e074b8,Badajoz,Villena
1998,#e0b126,La Rioja,Olmedo
2839,#e0e26c,Teruel,Mateo
1871,#e1b6f9,#f78a9c,Matas
7,#e2b75f,Castellón,Solana
2000,#e5020d,"",Llanos
1017,#e5ac80,Álava,Antúnez
759,#e64cf7,"",Vendrell
1903,#e853cc,Tarragona,""
798,#ea0e83,Salamanca,Huertas
1763,#eab677,La Rioja,Varela
1877,#ead472,Zamora,Matas
162,#ec75f4,Almería,Benet
2118,#eda3b3,"",Rodrigo
425,#ef1f37,Lleida,Feijoo
1708,#ef7fe6,"",Dávila
799,#f2ef63,Burgos,Alfonso
2593,#f477b8,"",Cañete
2577,#f70465,Navarra,Catalá
1760,#f7b688,Guipúzcoa,Hoyos
2858,#f7cea8,#f972ba,Maldonado
793,#f7d322,Castellón,Figueras
2340,#f7e691,"",Anguita
1910,#f9881d,Castellón,""
500,#f9cb54,"",Batlle
12,#f9ccff,Girona,""
1546,#fc3ffc,Baleares,Leiva
254,#fc8ac7,León,Bernat
2650,#fcb5f7,Valencia,Alcaraz
268,#fce9b0,Álava,Cortés
2293,#ffc682,Ceuta,#fc3aab
2279,#ffcccd,Cádiz,Soriano
2823,#fff1bf,Asturias,Bonet
676,Abascal,Huelva,""
882,Abril,Córdoba,Huerta
319,Acedo,Palencia,Benet
374,Acedo,Lugo,Ochoa
629,Acero,Toledo,""
382,Acevedo,"",Figueroa
838,Acosta,"",Chacón
325,Acuña,Barcelona,Valbuena
335,Adadia,"",""
288,Adán,"",Zamora
48,Aguilera,Ourense,Narváez
156,Aguiló,La Rioja,Varela
452,Aguiló,Palencia,Dalmau
802,Aguiló,Almería,""
807,Alarcón,Álava,Ribas
1028,Albacete Shop,Huelva,Folch
1037,Albacete Shop,Almería,Cal
1097,Albacete Shop,Baleares,Llorente
1101,Albacete Shop,Lugo,Cárdenas
1244,Albacete Shop,Segovia,""
1317,Albacete Shop,Melilla,Corominas
1323,Albacete Shop,La Rioja,Cabo
1327,Albacete Shop,"",Martinez
1349,Albacete Shop,Ávila,Cobo
1351,Albacete Shop,"",Alba
1522,Albacete Shop,Toledo,Alberdi
1528,Albacete Shop,Jaén,""
1615,Albacete Shop,#af2f4b,Solano
1682,Albacete Shop,Sevilla,Carranza
1839,Albacete Shop,La Rioja,#a1fcd5
1879,Albacete Shop,Murcia,Atienza
1882,Albacete Shop,Badajoz,Prats
2073,Albacete Shop,Barcelona,Peral
2112,Albacete Shop,Palencia,Borrego
2130,Albacete Shop,Álava,Solsona
2132,Albacete Shop,Guipúzcoa,Gascón
2141,Albacete Shop,Huesca,Talavera
2156,Albacete Shop,Badajoz,Sobrino
2243,Albacete Shop,Albacete,Huerta
2396,Albacete Shop,Girona,Revilla
2436,Albacete Shop,Castellón,Ramis
2550,Albacete Shop,Guadalajara,Menendez
2690,Albacete Shop,Girona,Morcillo
2732,Albacete Shop,Cuenca,Tudela
2821,Albacete Shop,Guadalajara,Fiol
2847,Albacete Shop,Málaga,Ferrera
2948,Albacete Shop,Segovia,""
39,Alcalde,Melilla,""
366,Alcalde,Tarragona,Nebot
703,Alcalde,Badajoz,""
916,Alcaraz,Ceuta,Godoy
562,Alcolea,Toledo,""
864,Alcolea,Madrid,""
78,Alcántara,Murcia,Navas
124,Alegre,Valencia,""
682,Alegria,#ea3fa6,Torrijos
1281,Alicante Shop,"",Arregui
1283,Alicante Shop,"",Jódar
1361,Alicante Shop,Barcelona,Cisneros
1371,Alicante Shop,"",Viñas
1529,Alicante Shop,Murcia,#1dad24
1564,Alicante Shop,#57bde5,Olivares
1566,Alicante Shop,Toledo,Romeu
1580,Alicante Shop,Cantabria,Llobet
1627,Alicante Shop,Huelva,#8bd7dd
1746,Alicante Shop,"",Cabrero
1747,Alicante Shop,León,Gomez
1765,Alicante Shop,"",Blazquez
1835,Alicante Shop,Toledo,Luna
1864,Alicante Shop,Málaga,Cortés
1866,Alicante Shop,#46b6db,""
1883,Alicante Shop,"",Valderrama
1940,Alicante Shop,Madrid,Sastre
1960,Alicante Shop,Castellón,""
1994,Alicante Shop,Sevilla,Otero
2006,Alicante Shop,Melilla,Jordán
2055,Alicante Shop,Huelva,#e0c067
2242,Alicante Shop,Cuenca,Grau
2364,Alicante Shop,#4cb50a,Orozco
2394,Alicante Shop,"",Tejedor
2671,Alicante Shop,Lleida,Rey
2873,Alicante Shop,Melilla,Marqués
2891,Alicante Shop,Madrid,Vaquero
26,Almansa,Málaga,Arregui
320,Almeida,Cantabria,Alvarez
944,Almeida,Lugo,Recio
1043,Almería Shop,Sevilla,Oller
1131,Almería Shop,Las Palmas,""
1182,Almería Shop,Teruel,Catalá
1202,Almería Shop,Guadalajara,Luna
1250,Almería Shop,"",""
1308,Almería Shop,#f7048a,Tenorio
1410,Almería Shop,Álava,Narváez
1619,Almería Shop,La Rioja,Cisneros
1781,Almería Shop,Jaén,Piquer
1873,Almería Shop,Segovia,#fc6c37
1941,Almería Shop,Murcia,Quero
1961,Almería Shop,Cáceres,Mascaró
2033,Almería Shop,Ciudad,Balaguer
2100,Almería Shop,#e05ae8,Barceló
2108,Almería Shop,"",Rosselló
2143,Almería Shop,Girona,Miranda
2149,Almería Shop,Asturias,""
2189,Almería Shop,Sevilla,Muro
2193,Almería Shop,Córdoba,Alcázar
2443,Almería Shop,Jaén,Mosquera
2449,Almería Shop,Jaén,Cabezas
2481,Almería Shop,Guipúzcoa,Dueñas
2603,Almería Shop,Tarragona,Matas
2664,Almería Shop,Alicante,Escalona
2692,Almería Shop,Córdoba,#50d866
2748,Almería Shop,#8ef2e6,Castell
2781,Almería Shop,Ciudad,Moliner
2810,Almería Shop,"",Torre
2924,Almería Shop,Burgos,Anglada
831,Alonso,Salamanca,""
992,Alsina,Zaragoza,Vicente
158,Alvarado,Las Palmas,Rey
708,Alvarez,Ourense,Ochoa
259,Amat,"",#2d9607
490,Amat,Cuenca,Nuñez
625,Amat,Las Palmas,Giralt
380,Amaya,Melilla,Domínguez
489,Amaya,Teruel,Galindo
182,Amigó,Las Palmas,Marquez
186,Amo,"",Márquez
544,Amor,#469ca3,Mayol
189,Amores,"",Leal
239,Amores,Guipúzcoa,Domingo
453,Amorós,"",Blasco
311,Anaya,"",Bayón
95,Andrade,Guipúzcoa,""
70,Andres,Ourense,Perez
781,Anglada,Ceuta,""
14,Antúnez,"",Juliá
64,Antúnez,Lugo,Carmona
125,Aragonés,Ceuta,Bauzà
548,Aragonés,Ciudad,Manzano
317,Arana,Toledo,Llorente
746,Aranda,"",Arévalo
276,Arce,Lleida,Montero
634,Arce,La Coruña,Cueto
467,Arco,Melilla,""
219,Arcos,Huesca,Cortina
978,Arcos,La Coruña,Rueda
331,Arias,Ourense,""
493,Ariza,Ávila,Manso
717,Arjona,Segovia,Castilla
760,Armengol,#f7d39e,Casals
166,Arnaiz,Zaragoza,Guitart
502,Arnaiz,Albacete,Pinedo
985,Arnaiz,Vizcaya,""
641,Arnal,La Rioja,Matas
36,Arranz,Huelva,Quiroga
324,Arranz,"",Castejón
549,Arregui,León,Escobar
867,Arrieta,La Rioja,Pol
461,Arroyo,La Coruña,Pavón
326,Artigas,Tarragona,Hervia
859,Artigas,"",""
976,Asensio,Zamora,Valcárcel
1020,Asturias Shop,Castellón,Jiménez
1030,Asturias Shop,Badajoz,Batalla
1039,Asturias Shop,Salamanca,#bef495
1207,Asturias Shop,Palencia,Casals
1238,Asturias Shop,Navarra,Roman
1328,Asturias Shop,#60ccf7,Ramírez
1330,Asturias Shop,Córdoba,Abellán
1364,Asturias Shop,León,#84a7ff
1367,Asturias Shop,Ceuta,Mariscal
1380,Asturias Shop,Teruel,Torre
1411,Asturias Shop,Soria,Madrigal
1480,Asturias Shop,"",""
1513,Asturias Shop,Salamanca,#82c427
1724,Asturias Shop,Pontevedra,""
1738,Asturias Shop,"",""
1826,Asturias Shop,Cádiz,Ángel
1897,Asturias Shop,Asturias,""
1957,Asturias Shop,Zamora,Roma
1999,Asturias Shop,Valladolid,Ugarte
2124,Asturias Shop,Melilla,Caro
2185,Asturias Shop,Granada,Ariza
2228,Asturias Shop,Soria,Chaves
2276,Asturias Shop,Albacete,""
2297,Asturias Shop,"",Padilla
2382,Asturias Shop,#ea83d4,Simó
2403,Asturias Shop,La Rioja,Esteban
2547,Asturias Shop,Navarra,""
2572,Asturias Shop,Ávila,Palacios
2584,Asturias Shop,Lugo,Salom
2614,Asturias Shop,Cádiz,Tamayo
2641,Asturias Shop,Zamora,Cabrero
2663,Asturias Shop,La Coruña,""
2780,Asturias Shop,Valencia,Sebastián
2790,Asturias Shop,Burgos,Valenzuela
2813,Asturias Shop,Las Palmas,Manjón
2854,Asturias Shop,Valencia,Mateo
2970,Asturias Shop,"",Nuñez
2971,Asturias Shop,Almería,Castrillo
540,Atienza,Ceuta,Giner
877,Ayala,Barcelona,Clavero
905,Ayala,Zamora,Perea
458,Ayllón,Huesca,""
535,Ayuso,Guipúzcoa,Pizarro
99,Aznar,Vizcaya,Borrás
839,Azorin,Madrid,Girona
1148,Badajoz Shop,#d792f4,Valbuena
1177,Badajoz Shop,La Rioja,""
1191,Badajoz Shop,Lugo,Cid
1343,Badajoz Shop,Cádiz,Coello
1375,Badajoz Shop,La Rioja,Gilabert
1388,Badajoz Shop,Valladolid,Benavent
1441,Badajoz Shop,Asturias,Alemany
1473,Badajoz Shop,"",Vizcaíno
1523,Badajoz Shop,Madrid,Ros
1559,Badajoz Shop,Teruel,Gargallo
1757,Badajoz Shop,Asturias,""
1806,Badajoz Shop,"",""
1821,Badajoz Shop,Baleares,Bauzà
1849,Badajoz Shop,Toledo,Robles
1852,Badajoz Shop,Huesca,""
1982,Badajoz Shop,Cáceres,Salom
1984,Badajoz Shop,"",""
1995,Badajoz Shop,Toledo,Aguiló
2031,Badajoz Shop,Córdoba,Ramirez
2050,Badajoz Shop,"",Dávila
2057,Badajoz Shop,Córdoba,Miguel
2084,Badajoz Shop,Álava,Nogués
2110,Badajoz Shop,León,Anglada
2131,Badajoz Shop,La Rioja,Echeverría
2169,Badajoz Shop,Ourense,""
2254,Badajoz Shop,Teruel,Soto
2365,Badajoz Shop,Badajoz,#dd8873
2465,Badajoz Shop,Barcelona,Escudero
2554,Badajoz Shop,Ceuta,Egea
2613,Badajoz Shop,Las Palmas,Rovira
2726,Badajoz Shop,Tarragona,Cardona
2760,Badajoz Shop,Teruel,Botella
2833,Badajoz Shop,"",""
2843,Badajoz Shop,Murcia,Velázquez
2959,Badajoz Shop,Málaga,Bertrán
2961,Badajoz Shop,Valencia,Fuster
130,Baena,Navarra,Azorin
1018,Baleares Shop,Valladolid,Mariño
1159,Baleares Shop,Ceuta,""
1232,Baleares Shop,Toledo,Llanos
1233,Baleares Shop,León,Rey
1269,Baleares Shop,Zaragoza,Pintor
1296,Baleares Shop,Toledo,Barragán
1306,Baleares Shop,Cádiz,Macías
1366,Baleares Shop,León,Fuentes
1374,Baleares Shop,Navarra,""
1413,Baleares Shop,Salamanca,Ruano
1470,Baleares Shop,Vizcaya,""
1476,Baleares Shop,Cádiz,Amo
1543,Baleares Shop,Ciudad,Figueroa
1567,Baleares Shop,Huesca,Maldonado
1587,Baleares Shop,Ourense,Mate
1652,Baleares Shop,Girona,Marquez
1666,Baleares Shop,Guipúzcoa,Ferrández
1715,Baleares Shop,Huesca,Hernandez
1734,Baleares Shop,Burgos,Sales
1756,Baleares Shop,Ourense,Llano
1814,Baleares Shop,Almería,Aguilera
1862,Baleares Shop,Guadalajara,""
1895,Baleares Shop,"",Abella
1929,Baleares Shop,Palencia,Piña
1952,Baleares Shop,Guadalajara,Saldaña
1962,Baleares Shop,Valladolid,Mulet
1993,Baleares Shop,La Coruña,Salmerón
2020,Baleares Shop,Albacete,Carranza
2255,Baleares Shop,Valladolid,Uribe
2289,Baleares Shop,"",Alcázar
2455,Baleares Shop,Palencia,Linares
2596,Baleares Shop,Huelva,Román
2677,Baleares Shop,Guadalajara,Ocaña
2712,Baleares Shop,Tarragona,Moreno
2782,Baleares Shop,Jaén,Barbero
2963,Baleares Shop,Teruel,Trillo
737,Ballesteros,Ciudad,Moraleda
157,Barba,Murcia,Atienza
935,Barbero,Lleida,Navarro
1022,Barcelona Shop,Almería,Pinilla
1072,Barcelona Shop,Córdoba,Valls
1078,Barcelona Shop,Segovia,Aguilar
1080,Barcelona Shop,Pontevedra,Borrás
1105,Barcelona Shop,Lugo,Oliveras
1114,Barcelona Shop,Alicante,Martínez
1129,Barcelona Shop,Segovia,Rosell
1140,Barcelona Shop,Ourense,Llamas
1146,Barcelona Shop,"",Cobo
1805,Barcelona Shop,Huesca,Sanabria
1819,Barcelona Shop,Ciudad,Izaguirre
1861,Barcelona Shop,Cáceres,Navas
1991,Barcelona Shop,Cáceres,""
2001,Barcelona Shop,Valladolid,""
2040,Barcelona Shop,Cuenca,Barrera
2142,Barcelona Shop,"",Valverde
2188,Barcelona Shop,"",Isern
2219,Barcelona Shop,Alicante,Folch
2246,Barcelona Shop,Cádiz,Rivas
2252,Barcelona Shop,"",""
2417,Barcelona Shop,Burgos,Asenjo
2469,Barcelona Shop,"",Montserrat
2498,Barcelona Shop,León,Suarez
2505,Barcelona Shop,Cantabria,#0252cc
2525,Barcelona Shop,"",""
2647,Barcelona Shop,Cádiz,""
2655,Barcelona Shop,Granada,Olmo
2703,Barcelona Shop,Zaragoza,""
2724,Barcelona Shop,Huesca,Verdú
2734,Barcelona Shop,Valencia,Carreras
2845,Barcelona Shop,#aefccd,Mosquera
2884,Barcelona Shop,Vizcaya,""
2907,Barcelona Shop,Álava,Bautista
2946,Barcelona Shop,"",Girona
2967,Barcelona Shop,Lleida,Cañete
365,Barragán,"",Figuerola
557,Barragán,Guadalajara,""
323,Barral,"",Sánchez
67,Barranco,Alicante,Solís
660,Barrena,Murcia,Sanchez
899,Barrera,Soria,Mariño
706,Barriga,La Rioja,""
826,Barrio,León,Barceló
244,Barros,Jaén,Roig
2,Baró,León,Naranjo
823,Baró,Palencia,Bastida
386,Barón,"",Solé
486,Bas,Jaén,""
174,Bastida,Las Palmas,""
201,Batalla,Valencia,""
444,Batlle,"",Somoza
121,Bautista,Palencia,""
344,Bauzà,Segovia,Morata
581,Bayo,León,Casals
393,Baños,"",Diez
828,Bejarano,Palencia,Andreu
543,Bello,Álava,""
448,Belmonte,Baleares,Cabeza
414,Beltran,Alicante,Contreras
34,Beltrán,Soria,Morera
309,Beltrán,Jaén,Riera
832,Beltrán,Cantabria,Roldán
789,Benavent,Vizcaya,""
422,Benavides,"",#d744fc
132,Benet,Murcia,Gibert
607,Benet,Guipúzcoa,Batalla
772,Benito,La Coruña,""
213,Benítez,"",Sola
292,Benítez,"",Bayona
687,Berenguer,#492ec1,Ródenas
881,Berenguer,Palencia,Casado
664,Bermejo,Granada,Suarez
214,Bermúdez,Jaén,Cabañas
896,Bernad,Tarragona,Avilés
426,Bernat,"",Echeverría
670,Berrocal,Valencia,Arce
172,Blanca,"",Alberola
368,Blanco,Valladolid,Costa
841,Blanco,Girona,Sánchez
336,Blanes,Albacete,Contreras
569,Blazquez,#f6a6fc,""
766,Blazquez,Valencia,Huerta
961,Botella,Cantabria,""
584,Bou,Huesca,Milla
587,Bru,Albacete,""
874,Bru,La Coruña,Calzada
541,Buendía,Granada,Osuna
923,Buendía,Barcelona,Peral
663,Bueno,Salamanca,Gallardo
1013,Burgos Shop,Baleares,Salgado
1045,Burgos Shop,Madrid,Castañeda
1066,Burgos Shop,Las Palmas,Cruz
1122,Burgos Shop,Navarra,Luís
1124,Burgos Shop,Vizcaya,Goñi
1312,Burgos Shop,Palencia,Hoyos
1401,Burgos Shop,Valladolid,Martorell
1450,Burgos Shop,Álava,Río
1464,Burgos Shop,Barcelona,""
1596,Burgos Shop,Vizcaya,Fuertes
1630,Burgos Shop,Córdoba,Osuna
1720,Burgos Shop,Alicante,Barreda
1726,Burgos Shop,#b8e585,Bernat
1767,Burgos Shop,"",Echevarría
1812,Burgos Shop,"",""
1901,Burgos Shop,Girona,""
2015,Burgos Shop,Cuenca,Carvajal
2062,Burgos Shop,Córdoba,Morales
2116,Burgos Shop,Madrid,Gallart
2191,Burgos Shop,Valladolid,""
2321,Burgos Shop,Toledo,Cañizares
2437,Burgos Shop,Cáceres,Hidalgo
2548,Burgos Shop,"",Amo
2617,Burgos Shop,Álava,Calvo
2660,Burgos Shop,Cantabria,Tamayo
2675,Burgos Shop,Murcia,Vidal
2708,Burgos Shop,"",Lillo
2723,Burgos Shop,Valladolid,Antón
2815,Burgos Shop,Guipúzcoa,#1eaa3d
2837,Burgos Shop,Almería,#e246be
2930,Burgos Shop,Almería,Agudo
2953,Burgos Shop,Asturias,Río
361,Bustamante,Alicante,Herrero
808,Bustos,Ciudad,Chamorro
953,Caballero,Tarragona,Samper
409,Cabañas,Guipúzcoa,Elías
61,Cabello,Salamanca,""
583,Cabo,"",#4fffd0
265,Cabrera,Santa Cruz de Tenerife,Rojas
18,Cabrero,Zaragoza,Diego
383,Cabrero,Teruel,Martín
280,Cadenas,Almería,Cánovas
447,Cal,Segovia,Roca
495,Calderon,La Rioja,""
947,Calderon,Huesca,Méndez
552,Calderón,Sevilla,Revilla
768,Calleja,Ciudad,Baró
879,Calvet,Huesca,Peñalver
90,Camacho,Cádiz,Aguilar
360,Camacho,"",Marqués
3,Camino,#6bffeb,Gabaldón
54,Camino,Cáceres,Izaguirre
511,Camino,Valencia,Ballester
86,Campoy,Tarragona,""
178,Camps,Ciudad,Vaquero
621,Camps,Cuenca,Dávila
281,Canales,#9df2e6,Valero
598,Canales,Jaén,Carmona
909,Canales,Segovia,Lopez
44,Canet,#bedbf7,""
919,Canet,Cádiz,Jódar
1071,Cantabria Shop,Huesca,Castejón
1143,Cantabria Shop,#5cd699,Sandoval
1183,Cantabria Shop,Las Palmas,Escolano
1255,Cantabria Shop,La Rioja,Alsina
1304,Cantabria Shop,Vizcaya,#f28ee8
1342,Cantabria Shop,#e516ae,Mariscal
1431,Cantabria Shop,"",Cerdá
1445,Cantabria Shop,Ceuta,Lumbreras
1560,Cantabria Shop,Melilla,Castillo
1761,Cantabria Shop,Madrid,Bustos
1827,Cantabria Shop,Melilla,Tirado
1927,Cantabria Shop,Granada,Roura
1963,Cantabria Shop,Soria,#e7f490
2273,Cantabria Shop,"",Cañellas
2368,Cantabria Shop,La Coruña,Clemente
2679,Cantabria Shop,Girona,Ugarte
2693,Cantabria Shop,Barcelona,Colom
2727,Cantabria Shop,Soria,Palacio
2787,Cantabria Shop,Melilla,Diez
2881,Cantabria Shop,"",Álvaro
626,Cantón,Navarra,Grau
762,Carbajo,Toledo,Cánovas
792,Carbajo,"",#bffffd
975,Carbajo,Córdoba,Bartolomé
718,Carbonell,Zaragoza,Mendez
389,Carbó,Guipúzcoa,Mariño
723,Carbó,Murcia,Puga
846,Carbó,Ceuta,Mayoral
190,Carlos,Toledo,""
300,Carlos,Cantabria,Suarez
314,Carlos,Girona,Salmerón
523,Carlos,Navarra,Cerro
42,Carnero,Ourense,""
371,Carpio,Cádiz,""
929,Carranza,#cc49dd,Marcos
517,Carrasco,Córdoba,Olmo
658,Carrasco,Huelva,""
754,Carreras,Palencia,Landa
837,Carreras,Málaga,""
993,Carrillo,"",""
62,Carrión,Tarragona,Rojas
315,Carrión,Barcelona,Agullo
478,Casas,Albacete,Plaza
536,Castañeda,León,Sedano
748,Castañeda,Palencia,""
520,Castell,Ciudad,Fuentes
1031,Castellón Shop,Cuenca,Ródenas
1106,Castellón Shop,Salamanca,""
1189,Castellón Shop,"",Heras
1415,Castellón Shop,Ourense,#b5fbff
1437,Castellón Shop,Albacete,Sosa
1461,Castellón Shop,Jaén,Badía
1557,Castellón Shop,"",""
1572,Castellón Shop,"",Salas
1679,Castellón Shop,Teruel,Bernad
1681,Castellón Shop,Guadalajara,Mateu
1707,Castellón Shop,Murcia,Nevado
1810,Castellón Shop,Valladolid,Sabater
1896,Castellón Shop,Soria,""
2104,Castellón Shop,"",Espejo
2216,Castellón Shop,Cáceres,""
2238,Castellón Shop,Teruel,Alemany
2314,Castellón Shop,Sevilla,Zurita
2317,Castellón Shop,Ourense,#4ce0c2
2336,Castellón Shop,Santa Cruz de Tenerife,""
2347,Castellón Shop,Teruel,Llamas
2491,Castellón Shop,Jaén,Alberto
2543,Castellón Shop,Ceuta,Llorente
2565,Castellón Shop,Alicante,Salom
2628,Castellón Shop,"",Duran
2680,Castellón Shop,Asturias,""
2740,Castellón Shop,Ceuta,Solera
2855,Castellón Shop,"",Parejo
2894,Castellón Shop,"",Caballero
712,Castilla,Santa Cruz de Tenerife,""
116,Castillo,Sevilla,""
673,Castillo,"",Palomares
840,Castillo,Asturias,Soler
144,Castrillo,Murcia,Hervás
113,Catalán,Baleares,Guzman
477,Catalán,Huelva,Almansa
997,Cazorla,Las Palmas,Perera
267,Cañas,"",""
400,Cañas,Murcia,#dd8dcc
405,Cañellas,Toledo,""
551,Cañizares,"",""
193,Cerdá,Las Palmas,Aznar
546,Cerdá,#dd63db,Fuente
898,Cerdá,Badajoz,Coello
223,Cerdán,Cantabria,#e59d89
330,Cerro,Navarra,#e07488
979,Cerro,Badajoz,Paz
611,Cervantes,Lleida,Aramburu
1135,Ceuta Shop,#7ceac4,Gimenez
1187,Ceuta Shop,"",""
1227,Ceuta Shop,#ecffaf,""
1341,Ceuta Shop,Madrid,""
1353,Ceuta Shop,Toledo,""
1408,Ceuta Shop,Almería,Llano
1669,Ceuta Shop,Vizcaya,Garrido
1689,Ceuta Shop,Ciudad,Vallés
1709,Ceuta Shop,"",Chaparro
1713,Ceuta Shop,Melilla,Jódar
1732,Ceuta Shop,Córdoba,Pagès
1831,Ceuta Shop,Granada,Delgado
1846,Ceuta Shop,Santa Cruz de Tenerife,Prat
1850,Ceuta Shop,Asturias,Domingo
1865,Ceuta Shop,"",Bello
1888,Ceuta Shop,Álava,Blanch
1894,Ceuta Shop,Soria,Bertrán
2011,Ceuta Shop,Sevilla,Izquierdo
2037,Ceuta Shop,Pontevedra,Chacón
2081,Ceuta Shop,La Rioja,Solsona
2082,Ceuta Shop,Cádiz,Adán
2088,Ceuta Shop,"",Uriarte
2291,Ceuta Shop,Huelva,""
2318,Ceuta Shop,Ávila,Merino
2333,Ceuta Shop,Santa Cruz de Tenerife,Pedraza
2345,Ceuta Shop,Almería,Contreras
2412,Ceuta Shop,Cáceres,""
2439,Ceuta Shop,Segovia,Izquierdo
2527,Ceuta Shop,Lleida,Requena
2558,Ceuta Shop,"",Estrada
2576,Ceuta Shop,"",Escudero
2706,Ceuta Shop,Granada,Lara
2717,Ceuta Shop,Segovia,Quesada
2859,Ceuta Shop,Tarragona,Ribes
2966,Ceuta Shop,Huelva,Barros
2983,Ceuta Shop,Pontevedra,Somoza
2984,Ceuta Shop,Murcia,Ródenas
2993,Ceuta Shop,"",Mesa
844,Chacón,Segovia,Báez
388,Chaves,Zamora,Bermúdez
933,Chaves,Málaga,Mosquera
17,Checa,Salamanca,Camacho
155,Checa,Cádiz,Vazquez
220,Checa,Valencia,Molins
890,Checa,Pontevedra,Almansa
298,Chico,Ourense,#8df966
402,Chico,Burgos,Suárez
545,Cifuentes,Pontevedra,""
481,Cisneros,Toledo,""
1021,Ciudad Shop,Valencia,Amigó
1208,Ciudad Shop,Santa Cruz de Tenerife,""
1247,Ciudad Shop,Asturias,Oller
1418,Ciudad Shop,La Coruña,""
1583,Ciudad Shop,Tarragona,Prieto
1589,Ciudad Shop,Teruel,""
1629,Ciudad Shop,Castellón,Albero
1642,Ciudad Shop,Melilla,Cuevas
1736,Ciudad Shop,Albacete,#f9a4d7
1737,Ciudad Shop,Valencia,Vera
1748,Ciudad Shop,Cantabria,Valenciano
1822,Ciudad Shop,Guadalajara,Rivera
1863,Ciudad Shop,Castellón,Teruel
1914,Ciudad Shop,Lugo,Collado
2051,Ciudad Shop,Álava,Albero
2174,Ciudad Shop,Salamanca,""
2372,Ciudad Shop,"",Almeida
2416,Ciudad Shop,Santa Cruz de Tenerife,""
2441,Ciudad Shop,Álava,Amador
2542,Ciudad Shop,Alicante,Salmerón
2586,Ciudad Shop,#a07dce,Torrecilla
2598,Ciudad Shop,Guipúzcoa,Peiró
2600,Ciudad Shop,Zamora,Garcés
2611,Ciudad Shop,Asturias,Salom
2778,Ciudad Shop,Albacete,Villalonga
2818,Ciudad Shop,Barcelona,Valenzuela
2852,Ciudad Shop,Alicante,Samper
2918,Ciudad Shop,Córdoba,""
397,Clavero,Navarra,Mateos
129,Clemente,Las Palmas,Zabaleta
302,Clemente,"",Soria
245,Cobo,Melilla,Chico
353,Coello,Sevilla,Plaza
179,Coll,"",Bas
450,Coll,Barcelona,""
764,Coll,"",Ricart
364,Coloma,Lugo,Plaza
962,Colomer,Murcia,Bertrán
81,Comas,Cádiz,Pera
843,Comas,Sevilla,López
200,Company,Huelva,Peral
727,Conde,Almería,Bárcena
931,Contreras,Zaragoza,Andres
695,Cordero,"",Perales
136,Cornejo,Segovia,Castells
445,Cornejo,Ciudad,""
830,Cornejo,Melilla,""
674,Corominas,Tarragona,""
937,Correa,"",""
983,Correa,#73ddb1,Laguna
271,Cortes,Girona,Vicente
950,Cortes,Cantabria,Vives
753,Cruz,Sevilla,Saavedra
827,Cruz,Cádiz,Sabater
1176,Cuenca Shop,La Rioja,""
1263,Cuenca Shop,Girona,Varela
1275,Cuenca Shop,Girona,""
1406,Cuenca Shop,Cáceres,Hervás
1487,Cuenca Shop,Guadalajara,Calatayud
1493,Cuenca Shop,Cuenca,Millán
1621,Cuenca Shop,León,Catalán
1792,Cuenca Shop,Albacete,Almansa
1859,Cuenca Shop,#d6f78a,Ruano
1898,Cuenca Shop,"",Velázquez
2005,Cuenca Shop,Navarra,Garriga
2014,Cuenca Shop,Granada,Márquez
2113,Cuenca Shop,Cantabria,Fernandez
2138,Cuenca Shop,Vizcaya,Tomé
2162,Cuenca Shop,Burgos,""
2221,Cuenca Shop,Baleares,Isern
2281,Cuenca Shop,Badajoz,Benet
2346,Cuenca Shop,Lleida,Peinado
2532,Cuenca Shop,"",Ugarte
2621,Cuenca Shop,León,""
2636,Cuenca Shop,Álava,Cózar
2656,Cuenca Shop,Córdoba,Arco
2674,Cuenca Shop,La Coruña,Galvez
2709,Cuenca Shop,Zaragoza,Falcó
2741,Cuenca Shop,Jaén,Llanos
2846,Cuenca Shop,Girona,Tejero
2850,Cuenca Shop,Lleida,Lasa
2975,Cuenca Shop,Soria,Borja
183,Cuéllar,La Coruña,Melero
332,Cáceres,La Coruña,Duarte
1027,Cáceres Shop,Huelva,Dominguez
1062,Cáceres Shop,Albacete,Quesada
1075,Cáceres Shop,Málaga,Ribas
1108,Cáceres Shop,Guipúzcoa,Uribe
1171,Cáceres Shop,Guipúzcoa,Rios
1214,Cáceres Shop,"",Valverde
1286,Cáceres Shop,Albacete,Vara
1293,Cáceres Shop,Sevilla,Calzada
1302,Cáceres Shop,#ffb5c8,Amat
1432,Cáceres Shop,Melilla,Meléndez
1433,Cáceres Shop,Barcelona,Farré
1455,Cáceres Shop,Valencia,Valero
1506,Cáceres Shop,Asturias,Santamaria
1607,Cáceres Shop,Cáceres,#2b5991
1665,Cáceres Shop,#fce74b,Quirós
1830,Cáceres Shop,Ceuta,Capdevila
1834,Cáceres Shop,Soria,Salgado
1904,Cáceres Shop,Soria,Cantero
1907,Cáceres Shop,"",Abellán
1915,Cáceres Shop,Santa Cruz de Tenerife,Pont
1923,Cáceres Shop,Navarra,Giner
2058,Cáceres Shop,Ciudad,Cabrera
2296,Cáceres Shop,Guipúzcoa,Vélez
2306,Cáceres Shop,Segovia,""
2356,Cáceres Shop,"",Giralt
2426,Cáceres Shop,"",Capdevila
2442,Cáceres Shop,Barcelona,Arribas
2456,Cáceres Shop,Pontevedra,Pastor
2485,Cáceres Shop,Pontevedra,Solís
2607,Cáceres Shop,Almería,""
2743,Cáceres Shop,#98e837,Adán
2817,Cáceres Shop,Pontevedra,Roma
2819,Cáceres Shop,#fce6ba,""
2824,Cáceres Shop,"",Batlle
2897,Cáceres Shop,Ciudad,Llanos
2996,Cáceres Shop,Melilla,Lasa
1069,Cádiz Shop,Ceuta,Puig
1081,Cádiz Shop,Tarragona,Conde
1210,Cádiz Shop,Las Palmas,Segura
1276,Cádiz Shop,Málaga,Ángel
1359,Cádiz Shop,"",Tamayo
1469,Cádiz Shop,Ceuta,Maestre
1477,Cádiz Shop,Almería,Benavente
1518,Cádiz Shop,Sevilla,Guzmán
1545,Cádiz Shop,La Rioja,""
1728,Cádiz Shop,Badajoz,Palomo
1739,Cádiz Shop,Albacete,Melero
1777,Cádiz Shop,Salamanca,Calderon
1786,Cádiz Shop,Zaragoza,Llobet
1829,Cádiz Shop,Albacete,Abascal
1860,Cádiz Shop,#0f25af,""
1918,Cádiz Shop,Málaga,""
1932,Cádiz Shop,Murcia,Quintero
1953,Cádiz Shop,"",Bello
1958,Cádiz Shop,"",""
1976,Cádiz Shop,#c4fafc,Roda
2009,Cádiz Shop,Zamora,Zamorano
2029,Cádiz Shop,Santa Cruz de Tenerife,""
2039,Cádiz Shop,Álava,Paz
2102,Cádiz Shop,Jaén,Pazos
2140,Cádiz Shop,"",""
2168,Cádiz Shop,"",Ferrero
2395,Cádiz Shop,"",Villalba
2409,Cádiz Shop,"",Alcaraz
2476,Cádiz Shop,"",Nadal
2483,Cádiz Shop,Huelva,Esteve
2499,Cádiz Shop,"",Urrutia
2500,Cádiz Shop,Badajoz,""
2578,Cádiz Shop,"",Boada
2579,Cádiz Shop,"",Duran
2676,Cádiz Shop,Álava,Nogués
2689,Cádiz Shop,#e86514,Borja
2729,Cádiz Shop,Barcelona,Sandoval
2785,Cádiz Shop,Baleares,""
2917,Cádiz Shop,Zamora,Blanes
573,Cánovas,Huesca,Iñiguez
134,Céspedes,Almería,Canals
357,Céspedes,Guadalajara,Rocamora
359,Céspedes,Ávila,Murillo
577,Céspedes,Zaragoza,Silva
628,Céspedes,Baleares,Garay
145,Córdoba,Lleida,Anguita
1107,Córdoba Shop,Ávila,Ruiz
1123,Córdoba Shop,Granada,Benito
1173,Córdoba Shop,Alicante,Trujillo
1200,Córdoba Shop,Valencia,""
1222,Córdoba Shop,Ceuta,""
1278,Córdoba Shop,Tarragona,Portillo
1430,Córdoba Shop,Lugo,Carranza
1439,Córdoba Shop,"",#41dbbf
1452,Córdoba Shop,Ceuta,""
1457,Córdoba Shop,"",Abascal
1459,Córdoba Shop,"",Sebastián
1581,Córdoba Shop,Zaragoza,""
1600,Córdoba Shop,Girona,Barragán
1602,Córdoba Shop,Baleares,Arenas
1817,Córdoba Shop,Valencia,#c1f41a
1884,Córdoba Shop,"",Romeu
1886,Córdoba Shop,Navarra,Alemany
1921,Córdoba Shop,Navarra,#20428c
1944,Córdoba Shop,Toledo,Escobar
1971,Córdoba Shop,Guipúzcoa,Cuenca
1978,Córdoba Shop,Ceuta,Ferrán
2069,Córdoba Shop,Pontevedra,Zabaleta
2137,Córdoba Shop,Lugo,Diego
2260,Córdoba Shop,#b9c603,Raya
2263,Córdoba Shop,#7d93db,Ribera
2353,Córdoba Shop,Vizcaya,Camacho
2405,Córdoba Shop,Murcia,Blasco
2447,Córdoba Shop,"",Donoso
2567,Córdoba Shop,Palencia,Garay
2615,Córdoba Shop,Girona,Bravo
2633,Córdoba Shop,"",Benítez
2654,Córdoba Shop,Toledo,Ballester
2766,Córdoba Shop,Toledo,Cueto
2886,Córdoba Shop,Alicante,Artigas
2910,Córdoba Shop,Madrid,#8ec7f2
123,Dalmau,Teruel,Pintor
770,Diaz,Burgos,Ropero
995,Diaz,"",Catalán
27,Diéguez,Pontevedra,Alcolea
16,Dominguez,Alicante,Tormo
666,Dominguez,"",""
669,Dominguez,Alicante,Gámez
434,Domínguez,Álava,Viña
432,Donoso,Cantabria,Navarro
653,Donoso,Sevilla,#44db0d
65,Duarte,Asturias,Arteaga
348,Duque,"",Aller
415,Durán,Pontevedra,Nicolás
534,Durán,Burgos,Giner
539,Durán,Cáceres,Calderón
624,Egea,Girona,Salvador
640,Elías,Ávila,""
229,Escalona,"",""
104,Escamilla,Málaga,Arnal
342,Escamilla,Murcia,Galván
515,Escobar,Málaga,Ariño
742,Escolano,Granada,Pacheco
930,Escolano,"",Maldonado
345,Escrivá,"",Garmendia
842,Espada,Almería,Godoy
290,Esparza,Badajoz,Bosch
719,España,Salamanca,Casas
822,Espinosa,"",Andrade
776,Esteban,Melilla,Luna
542,Esteve,"",#fcc2eb
638,Estevez,Baleares,Ibañez
46,Expósito,León,#b317d6
956,Expósito,"",Belmonte
871,Fabra,Jaén,Burgos
199,Fabregat,Ourense,Noriega
297,Fabregat,Ávila,Salmerón
755,Fajardo,Salamanca,Sanchez
876,Feliu,Cantabria,Codina
187,Fernández,Albacete,Lago
246,Fernández,Toledo,#085cd1
684,Fernández,Madrid,Borja
836,Fernández,Pontevedra,Corral
869,Fernández,Alicante,""
767,Ferrando,Huelva,Ramos
196,Ferrera,Girona,""
811,Ferrán,"",Cortes
494,Ferrández,Burgos,Novoa
164,Ferrándiz,Guadalajara,Ojeda
601,Figueroa,La Coruña,Riba
270,Figuerola,"",Guardiola
411,Fiol,Toledo,""
337,Flor,"",Vega
613,Flor,Ourense,Donoso
210,Folch,Ávila,Valera
139,Fonseca,Lugo,Torres
216,Fonseca,Soria,Mur
508,Fonseca,"",Simó
689,Fonseca,Toledo,Moraleda
690,Fonseca,Las Palmas,Figueras
505,Fortuny,Albacete,Torrijos
98,Franco,Granada,Blanch
289,Frutos,Almería,""
479,Frutos,Ciudad,Girona
529,Fuente,#f28ab5,Calzada
251,Galan,"",Zaragoza
363,Galván,Pontevedra,Torrens
685,Galván,Almería,Soler
847,Galán,"",Pintor
852,Garcia,León,#5ce88f
971,García,Soria,Olivé
586,Gargallo,Pontevedra,Riba
198,Garmendia,Barcelona,Priego
614,Garrido,Alicante,Galán
903,Garrido,Cantabria,Nuñez
277,Garriga,Soria,Alcázar
790,Gaya,Soria,Larrañaga
440,Gelabert,"",Navarro
574,Gibert,Córdoba,Olmo
154,Gilabert,Castellón,Peña
570,Gimenez,#db87cd,Arco
13,Gimeno,Castellón,Sainz
185,Giménez,Toledo,Miguel
294,Girona,Lleida,#a319d1
1064,Girona Shop,#659e16,Aliaga
1137,Girona Shop,Baleares,Morán
1262,Girona Shop,Ourense,""
1300,Girona Shop,La Rioja,Armengol
1335,Girona Shop,"",Ibañez
1378,Girona Shop,La Rioja,Escribano
1426,Girona Shop,Murcia,Jurado
1447,Girona Shop,Sevilla,Rico
1524,Girona Shop,"",Carballo
1534,Girona Shop,Guipúzcoa,Arce
1537,Girona Shop,Castellón,""
1548,Girona Shop,Girona,Rojas
1550,Girona Shop,Cuenca,Pacheco
1604,Girona Shop,Álava,Meléndez
1605,Girona Shop,Lugo,Ramírez
1618,Girona Shop,Navarra,Asensio
1638,Girona Shop,Santa Cruz de Tenerife,Molins
1722,Girona Shop,"",Alberdi
1754,Girona Shop,León,Espada
1789,Girona Shop,León,""
1969,Girona Shop,Sevilla,Mate
1996,Girona Shop,Lleida,""
2056,Girona Shop,Almería,Fuentes
2063,Girona Shop,Lugo,Romeu
2170,Girona Shop,"",Matas
2211,Girona Shop,Cuenca,Figueroa
2235,Girona Shop,Las Palmas,Urrutia
2310,Girona Shop,"",""
2339,Girona Shop,Girona,Arroyo
2363,Girona Shop,Badajoz,Tena
2509,Girona Shop,"",Roselló
2519,Girona Shop,"",Acosta
2545,Girona Shop,Zamora,""
2571,Girona Shop,Palencia,Calatayud
2609,Girona Shop,Salamanca,""
2825,Girona Shop,#adb3f7,Bosch
2838,Girona Shop,La Coruña,Córdoba
2869,Girona Shop,Melilla,""
2876,Girona Shop,Badajoz,Ramis
2914,Girona Shop,Barcelona,Alcázar
2990,Girona Shop,Ciudad,#2b24b5
620,Girón,"",Uriarte
692,Gisbert,Ávila,Amor
459,Godoy,Ciudad,Quesada
702,Godoy,Lleida,Guardia
918,Goicoechea,La Rioja,#c4ffb2
150,Gomila,"",Falcó
818,Gomis,"",Vallejo
487,Gonzalez,Asturias,Pallarès
394,Gordillo,Zamora,Pujol
526,Gordillo,Castellón,""
977,Gordillo,#b78210,""
418,Goñi,"",Escolano
537,Gracia,La Rioja,Ferrández
1218,Granada Shop,La Rioja,Galván
1248,Granada Shop,Cantabria,Azorin
1259,Granada Shop,Soria,Bustamante
1486,Granada Shop,Zaragoza,Malo
1808,Granada Shop,Córdoba,""
1902,Granada Shop,Salamanca,""
1956,Granada Shop,Soria,Hoyos
2007,Granada Shop,Madrid,#f9c2d1
2224,Granada Shop,Cantabria,Puig
2298,Granada Shop,Huesca,Pombo
2315,Granada Shop,Álava,Montalbán
2375,Granada Shop,Huelva,Tomas
2378,Granada Shop,"",""
2501,Granada Shop,Salamanca,Ariño
2629,Granada Shop,"",Soler
2645,Granada Shop,Teruel,Uriarte
2695,Granada Shop,"",Herrera
2807,Granada Shop,Ceuta,Peñas
2880,Granada Shop,Zaragoza,Correa
2906,Granada Shop,Teruel,Ribera
2908,Granada Shop,Guipúzcoa,Rueda
2920,Granada Shop,"",Cañete
2942,Granada Shop,Málaga,Goñi
2968,Granada Shop,Huelva,Villanueva
23,Grande,#87f458,Machado
908,Grande,Sevilla,Fuster
851,Grau,Toledo,Noriega
1033,Guadalajara Shop,Asturias,Martín
1094,Guadalajara Shop,Zamora,Verdú
1134,Guadalajara Shop,Santa Cruz de Tenerife,Prats
1195,Guadalajara Shop,Cádiz,#a3ea3f
1240,Guadalajara Shop,Cantabria,""
1284,Guadalajara Shop,#bccc47,Peralta
1298,Guadalajara Shop,"",""
1429,Guadalajara Shop,Albacete,Pi
1508,Guadalajara Shop,Asturias,Nogués
1552,Guadalajara Shop,Asturias,Arévalo
1601,Guadalajara Shop,Salamanca,#abbafc
1688,Guadalajara Shop,Salamanca,Diéguez
1856,Guadalajara Shop,Lugo,Cáceres
1924,Guadalajara Shop,Soria,Ferrándiz
1946,Guadalajara Shop,Huelva,Godoy
2008,Guadalajara Shop,Pontevedra,Hernandez
2094,Guadalajara Shop,Vizcaya,Peiró
2198,Guadalajara Shop,Palencia,Vazquez
2563,Guadalajara Shop,#6de060,Valdés
2627,Guadalajara Shop,#c15711,Crespi
2648,Guadalajara Shop,Santa Cruz de Tenerife,Bilbao
2767,Guadalajara Shop,Huelva,Valdés
2978,Guadalajara Shop,Sevilla,Quintana
233,Guillén,Segovia,Sáez
1136,Guipúzcoa Shop,Baleares,Mendoza
1156,Guipúzcoa Shop,#83c3d3,Botella
1161,Guipúzcoa Shop,#d1a104,Porta
1180,Guipúzcoa Shop,#d33c21,Tormo
1186,Guipúzcoa Shop,Vizcaya,Taboada
1234,Guipúzcoa Shop,Zamora,Fernández
1237,Guipúzcoa Shop,Álava,Seco
1268,Guipúzcoa Shop,Málaga,Vila
1345,Guipúzcoa Shop,Cuenca,Español
1382,Guipúzcoa Shop,"",Almagro
1392,Guipúzcoa Shop,Girona,Marín
1420,Guipúzcoa Shop,"",""
1444,Guipúzcoa Shop,Cáceres,Yuste
1482,Guipúzcoa Shop,"",Villa
1520,Guipúzcoa Shop,Cáceres,#2f55a8
1541,Guipúzcoa Shop,Almería,""
1542,Guipúzcoa Shop,Soria,Somoza
1620,Guipúzcoa Shop,Toledo,""
1686,Guipúzcoa Shop,Cuenca,Cerdá
1840,Guipúzcoa Shop,Pontevedra,Peral
1847,Guipúzcoa Shop,"",Ariño
2068,Guipúzcoa Shop,Segovia,Borrell
2075,Guipúzcoa Shop,Lugo,Quiroga
2076,Guipúzcoa Shop,Teruel,Andres
2099,Guipúzcoa Shop,Jaén,Sanz
2163,Guipúzcoa Shop,"",Vargas
2253,Guipúzcoa Shop,Toledo,Águila
2379,Guipúzcoa Shop,Cuenca,Roma
2393,Guipúzcoa Shop,Córdoba,Bosch
2458,Guipúzcoa Shop,Lugo,""
2480,Guipúzcoa Shop,Sevilla,Valverde
2482,Guipúzcoa Shop,Valladolid,Bautista
2585,Guipúzcoa Shop,Granada,Cuervo
2602,Guipúzcoa Shop,Ourense,Rico
2610,Guipúzcoa Shop,Guadalajara,Correa
2618,Guipúzcoa Shop,Cáceres,Palomino
2624,Guipúzcoa Shop,Santa Cruz de Tenerife,""
2657,Guipúzcoa Shop,Barcelona,#a3f92a
2668,Guipúzcoa Shop,Girona,Guitart
2798,Guipúzcoa Shop,Zamora,""
2913,Guipúzcoa Shop,Almería,Armengol
2916,Guipúzcoa Shop,La Coruña,Briones
118,Gutiérrez,"",Jara
313,Guzman,Ávila,Roman
531,Guzman,Sevilla,""
435,Gálvez,Valladolid,Mendoza
967,Gálvez,Las Palmas,Alberola
109,Gámez,"",Jurado
248,Gárate,#3c7f0c,Varela
498,Gárate,Las Palmas,Jara
385,Haro,Ourense,Almansa
612,Heras,Almería,Pareja
424,Heredia,Cantabria,""
856,Heredia,Ourense,Arias
75,Herranz,#efc599,Guijarro
921,Herrera,Guipúzcoa,Alberola
170,Hervia,Guipúzcoa,Leiva
563,Hervás,Zamora,#0b2872
347,Hidalgo,Lugo,Mayoral
855,Higueras,La Coruña,Bonilla
250,Hoyos,"",Lasa
716,Hoyos,Asturias,""
594,Hoz,#addcf7,Salvador
1015,Huelva Shop,"",Agustín
1059,Huelva Shop,Lugo,Canet
1100,Huelva Shop,Guadalajara,Llamas
1130,Huelva Shop,Segovia,""
1265,Huelva Shop,"",""
1267,Huelva Shop,Valencia,""
1280,Huelva Shop,Lleida,Llabrés
1326,Huelva Shop,La Rioja,Galindo
1354,Huelva Shop,Navarra,Ponce
1377,Huelva Shop,#b404ef,Valderrama
1434,Huelva Shop,Murcia,#b7cef4
1463,Huelva Shop,Murcia,Rodriguez
1478,Huelva Shop,"",""
1485,Huelva Shop,Alicante,Zorrilla
1491,Huelva Shop,Almería,Téllez
1648,Huelva Shop,Sevilla,Planas
1727,Huelva Shop,Toledo,Murcia
1784,Huelva Shop,Valencia,Pina
1816,Huelva Shop,Huelva,Varela
1909,Huelva Shop,"",Borrego
1939,Huelva Shop,Barcelona,Garcia
1979,Huelva Shop,Cádiz,Batlle
2085,Huelva Shop,"",Espejo
2192,Huelva Shop,Asturias,Galindo
2202,Huelva Shop,Ourense,Dalmau
2274,Huelva Shop,Valladolid,""
2357,Huelva Shop,León,""
2398,Huelva Shop,Palencia,Macias
2435,Huelva Shop,Málaga,Ángel
2497,Huelva Shop,Albacete,Pagès
2570,Huelva Shop,Las Palmas,Valentín
2608,Huelva Shop,Zamora,Gomez
2694,Huelva Shop,Teruel,""
2719,Huelva Shop,León,Cabo
2761,Huelva Shop,Melilla,Albero
2814,Huelva Shop,#7328ff,Ferrándiz
2879,Huelva Shop,"",Vallejo
2973,Huelva Shop,Pontevedra,Fuente
378,Huerta,"",""
79,Huertas,Santa Cruz de Tenerife,Sevillano
1068,Huesca Shop,Salamanca,Saez
1116,Huesca Shop,Tarragona,""
1125,Huesca Shop,"",Zorrilla
1261,Huesca Shop,Zamora,Luís
1274,Huesca Shop,Palencia,""
1362,Huesca Shop,Granada,Riera
1365,Huesca Shop,#e23b49,""
1505,Huesca Shop,Guipúzcoa,""
1768,Huesca Shop,Almería,Giralt
1804,Huesca Shop,"",Miranda
1858,Huesca Shop,"",Elorza
1889,Huesca Shop,Lleida,Robles
1936,Huesca Shop,Badajoz,Murillo
1949,Huesca Shop,Badajoz,Tello
2016,Huesca Shop,"",Díaz
2115,Huesca Shop,#f7d1a8,Zabaleta
2146,Huesca Shop,Segovia,""
2196,Huesca Shop,Álava,Pineda
2210,Huesca Shop,Valencia,Piñeiro
2256,Huesca Shop,Ceuta,#f49949
2284,Huesca Shop,Álava,Torrents
2305,Huesca Shop,"",Crespi
2343,Huesca Shop,Las Palmas,#040487
2401,Huesca Shop,Melilla,Gual
2459,Huesca Shop,Lugo,Jordán
2646,Huesca Shop,Baleares,Adadia
2707,Huesca Shop,Santa Cruz de Tenerife,Pascual
2853,Huesca Shop,Tarragona,#5f47bc
2911,Huesca Shop,Álava,Santamaría
2926,Huesca Shop,Murcia,Pomares
2956,Huesca Shop,Guadalajara,Verdú
506,Hurtado,Asturias,Campoy
9,Iborra,Teruel,Matas
475,Iborra,La Coruña,Jaume
96,Ibáñez,Baleares,""
957,Ibáñez,Pontevedra,Gual
963,Ibáñez,#20ead3,""
800,Iglesias,Lleida,Cabezas
354,Infante,Badajoz,Girona
863,Iriarte,Guipúzcoa,Guerrero
312,Isern,La Rioja,""
504,Isern,Ciudad,Guardia
69,Izaguirre,Burgos,Sastre
236,Izquierdo,Huelva,López
21,Jaén,Sevilla,Acosta
142,Jaén,Albacete,""
1121,Jaén Shop,Santa Cruz de Tenerife,#89f9f8
1157,Jaén Shop,Asturias,Checa
1175,Jaén Shop,"",Bejarano
1257,Jaén Shop,Burgos,Velázquez
1320,Jaén Shop,Asturias,""
1347,Jaén Shop,Girona,Lamas
1379,Jaén Shop,Córdoba,Villalobos
1438,Jaén Shop,Segovia,Múñiz
1536,Jaén Shop,Asturias,#8bd14f
1586,Jaén Shop,"",Palacio
1606,Jaén Shop,"",Salamanca
1659,Jaén Shop,"",Oliver
1801,Jaén Shop,Navarra,Anaya
1875,Jaén Shop,Asturias,Nuñez
1945,Jaén Shop,Albacete,""
1966,Jaén Shop,#397896,Cánovas
2035,Jaén Shop,Alicante,""
2041,Jaén Shop,Cádiz,Alcalde
2042,Jaén Shop,#e59f95,Gabaldón
2200,Jaén Shop,"",Torrent
2230,Jaén Shop,Córdoba,Haro
2277,Jaén Shop,Teruel,Hernandez
2282,Jaén Shop,Huelva,Abascal
2338,Jaén Shop,Córdoba,#cbfc07
2380,Jaén Shop,Cádiz,Baena
2387,Jaén Shop,Almería,Pina
2419,Jaén Shop,Alicante,""
2423,Jaén Shop,La Coruña,Esparza
2450,Jaén Shop,Ourense,Cifuentes
2504,Jaén Shop,Alicante,Bustamante
2533,Jaén Shop,Ávila,Mariscal
2592,Jaén Shop,Zaragoza,Bárcena
2684,Jaén Shop,"",Rincón
2687,Jaén Shop,Ciudad,Cortina
2702,Jaén Shop,La Coruña,Clemente
2755,Jaén Shop,"",Rodrigo
2867,Jaén Shop,Albacete,Manso
94,Jimenez,León,Cuervo
33,Jordá,"",Velázquez
188,Jordán,Huelva,Bru
301,Jordán,Huelva,Alegria
192,Julián,#72d600,Blanca
8,Jurado,Castellón,Fortuny
655,Jurado,Guipúzcoa,Pintor
736,Juárez,Tarragona,Silva
680,Jódar,"",Vicens
1010,La Coruña Shop,Zaragoza,#dbc234
1052,La Coruña Shop,La Rioja,Grande
1067,La Coruña Shop,La Coruña,Piña
1236,La Coruña Shop,Zaragoza,Cobos
1337,La Coruña Shop,Badajoz,Huguet
1453,La Coruña Shop,Cantabria,Sales
1474,La Coruña Shop,Ourense,Iriarte
1494,La Coruña Shop,Santa Cruz de Tenerife,Olivares
1576,La Coruña Shop,Girona,Bermúdez
1595,La Coruña Shop,Asturias,Leiva
1626,La Coruña Shop,Las Palmas,Cazorla
1651,La Coruña Shop,La Rioja,Márquez
1667,La Coruña Shop,Santa Cruz de Tenerife,Arévalo
1906,La Coruña Shop,"",Millán
1922,La Coruña Shop,Cantabria,Palma
1947,La Coruña Shop,Burgos,Cid
2060,La Coruña Shop,"",Peiró
2147,La Coruña Shop,Zamora,Murillo
2261,La Coruña Shop,Barcelona,Barco
2272,La Coruña Shop,Sevilla,Casares
2300,La Coruña Shop,Toledo,Verdú
2359,La Coruña Shop,Alicante,Cazorla
2492,La Coruña Shop,"",Nogueira
2502,La Coruña Shop,Asturias,Sierra
2697,La Coruña Shop,"",Peral
2704,La Coruña Shop,Las Palmas,Valverde
2744,La Coruña Shop,"",Huertas
2775,La Coruña Shop,Valencia,Pinto
2895,La Coruña Shop,Pontevedra,Rico
2932,La Coruña Shop,Córdoba,Jiménez
2943,La Coruña Shop,Almería,""
1006,La Rioja Shop,#ef8983,Bustos
1057,La Rioja Shop,Soria,Querol
1103,La Rioja Shop,Huesca,Rueda
1164,La Rioja Shop,Cuenca,Andrade
1277,La Rioja Shop,Madrid,#4696a8
1297,La Rioja Shop,Melilla,Otero
1435,La Rioja Shop,Palencia,Crespi
1555,La Rioja Shop,Tarragona,Nogueira
1740,La Rioja Shop,Santa Cruz de Tenerife,Elorza
1758,La Rioja Shop,Badajoz,""
1776,La Rioja Shop,Huelva,Jiménez
1857,La Rioja Shop,Palencia,Baró
1905,La Rioja Shop,#a417c4,Crespo
1937,La Rioja Shop,Badajoz,Llorente
1992,La Rioja Shop,Álava,Yuste
2236,La Rioja Shop,"",Moles
2327,La Rioja Shop,Soria,Hervás
2562,La Rioja Shop,Zaragoza,Ayala
2588,La Rioja Shop,Toledo,Piña
2762,La Rioja Shop,#ba234e,Arteaga
2816,La Rioja Shop,Sevilla,#5e7bff
2882,La Rioja Shop,Pontevedra,Viña
85,Lago,Cádiz,""
561,Laguna,Lugo,Mosquera
57,Lamas,Castellón,Rovira
677,Lamas,Córdoba,Olivera
796,Larrea,"",Valcárcel
1035,Las Palmas Shop,Baleares,Armengol
1115,Las Palmas Shop,Asturias,Cabanillas
1141,Las Palmas Shop,#4ced47,""
1147,Las Palmas Shop,Barcelona,Linares
1192,Las Palmas Shop,La Rioja,Pomares
1225,Las Palmas Shop,Zaragoza,Gabaldón
1315,Las Palmas Shop,"",Cuervo
1407,Las Palmas Shop,Huelva,#d345bc
1472,Las Palmas Shop,Cantabria,""
1592,Las Palmas Shop,León,Valbuena
1608,Las Palmas Shop,Ciudad,Lucena
1611,Las Palmas Shop,Baleares,Huertas
1716,Las Palmas Shop,"",Ferrer
1743,Las Palmas Shop,Córdoba,#1aa830
1796,Las Palmas Shop,"",Méndez
1855,Las Palmas Shop,#5dd890,#f7fcae
2017,Las Palmas Shop,La Rioja,Bustos
2096,Las Palmas Shop,"",Salgado
2097,Las Palmas Shop,Melilla,Chacón
2259,Las Palmas Shop,Cádiz,Fernández
2406,Las Palmas Shop,Málaga,Sales
2415,Las Palmas Shop,"",#7b9ee0
2479,Las Palmas Shop,Burgos,""
2526,Las Palmas Shop,Jaén,#001dc6
2685,Las Palmas Shop,Vizcaya,Bautista
2737,Las Palmas Shop,Zamora,#9ffccc
2832,Las Palmas Shop,Segovia,Ángel
2841,Las Palmas Shop,"",Cifuentes
2860,Las Palmas Shop,Ciudad,Arregui
2927,Las Palmas Shop,Zamora,""
656,Lasa,Ciudad,Ortega
750,Lasa,Baleares,Jurado
261,Leal,Cantabria,Fabregat
407,Leal,Tarragona,Corominas
482,Leal,Guipúzcoa,Seguí
31,Lerma,Asturias,Barrena
1024,León Shop,Almería,Domínguez
1112,León Shop,Cuenca,Bernat
1188,León Shop,Granada,Ayllón
1209,León Shop,Toledo,Ariño
1221,León Shop,Baleares,Casals
1352,León Shop,"",Álamo
1383,León Shop,Córdoba,Grande
1526,León Shop,"",Abellán
1603,León Shop,Ávila,""
1609,León Shop,Ourense,Bermúdez
1899,León Shop,Ávila,Peña
2109,León Shop,"",Pizarro
2111,León Shop,"",Ibáñez
2127,León Shop,"",#e01714
2175,León Shop,Ourense,Ferrándiz
2209,León Shop,"",Agustí
2250,León Shop,"",Higueras
2390,León Shop,Alicante,Luque
2448,León Shop,Zamora,Pou
2508,León Shop,#d89047,""
2531,León Shop,La Coruña,Comas
2635,León Shop,Lleida,""
2764,León Shop,Cádiz,Alegria
2795,León Shop,Santa Cruz de Tenerife,Requena
2806,León Shop,Las Palmas,Criado
2840,León Shop,Valencia,Tenorio
2912,León Shop,Huelva,Heras
2945,León Shop,Castellón,Llano
293,Lillo,Burgos,Aguado
514,Linares,"",Amores
850,Llabrés,Cádiz,Falcó
730,Lladó,Huesca,Sabater
497,Llamas,Málaga,""
1026,Lleida Shop,Cádiz,Dávila
1065,Lleida Shop,Ceuta,Perera
1126,Lleida Shop,Vizcaya,Barbero
1213,Lleida Shop,Ciudad,Maestre
1241,Lleida Shop,Cádiz,Machado
1288,Lleida Shop,Las Palmas,Huerta
1325,Lleida Shop,Ceuta,Talavera
1511,Lleida Shop,Cáceres,Soto
1590,Lleida Shop,Tarragona,Miralles
1637,Lleida Shop,Melilla,Palomo
1647,Lleida Shop,Ciudad,Niño
1755,Lleida Shop,#e56d12,Ortiz
1797,Lleida Shop,Granada,Suárez
1800,Lleida Shop,Guadalajara,#0eed54
1867,Lleida Shop,Jaén,Soria
1938,Lleida Shop,"",Contreras
1965,Lleida Shop,"",Camacho
2122,Lleida Shop,Cuenca,Amor
2133,Lleida Shop,Baleares,""
2178,Lleida Shop,#e2c088,Peinado
2330,Lleida Shop,Cádiz,Ropero
2360,Lleida Shop,Almería,Goicoechea
2397,Lleida Shop,Santa Cruz de Tenerife,Montero
2434,Lleida Shop,Sevilla,Gimeno
2440,Lleida Shop,"",Sarabia
2487,Lleida Shop,Burgos,Nieto
2552,Lleida Shop,"",""
2582,Lleida Shop,Navarra,#f24d58
2700,Lleida Shop,Soria,Rivero
2730,Lleida Shop,León,Barranco
2736,Lleida Shop,Ávila,Carreño
2800,Lleida Shop,Zamora,Bosch
2836,Lleida Shop,Valladolid,Cano
443,Llopis,#aefceb,Bellido
559,Llopis,Castellón,Fabra
678,Llopis,Almería,Cámara
257,Lloret,"",Diéguez
28,Lobato,Madrid,Verdugo
648,Lorenzo,Castellón,Azcona
860,Losa,#f47ff0,Bas
805,Lucena,Valladolid,Carretero
1113,Lugo Shop,Baleares,""
1118,Lugo Shop,Barcelona,González
1151,Lugo Shop,Palencia,Novoa
1303,Lugo Shop,Zaragoza,""
1316,Lugo Shop,Pontevedra,Luz
1363,Lugo Shop,Badajoz,Barranco
1454,Lugo Shop,Badajoz,Pinilla
1467,Lugo Shop,"",Figuerola
1495,Lugo Shop,Lleida,""
1512,Lugo Shop,"",Quintero
1561,Lugo Shop,Guadalajara,Verdú
1614,Lugo Shop,Navarra,Sandoval
1661,Lugo Shop,Granada,Sanmartín
1700,Lugo Shop,Murcia,Pomares
1807,Lugo Shop,"",Robledo
1833,Lugo Shop,Cantabria,Pablo
1838,Lugo Shop,"",Perales
1854,Lugo Shop,Barcelona,Mercader
1870,Lugo Shop,Guipúzcoa,Zapata
1964,Lugo Shop,"",""
1989,Lugo Shop,Pontevedra,Aguilar
2061,Lugo Shop,Burgos,""
2095,Lugo Shop,Salamanca,Barros
2098,Lugo Shop,"",""
2119,Lugo Shop,Lugo,Alemán
2153,Lugo Shop,Valencia,Izaguirre
2173,Lugo Shop,#ffe2ad,Juárez
2308,Lugo Shop,Asturias,Gordillo
2384,Lugo Shop,Alicante,Jaume
2486,Lugo Shop,"",Hernando
2681,Lugo Shop,Ceuta,""
2812,Lugo Shop,#3102ef,Viana
2933,Lugo Shop,Ciudad,Izaguirre
2954,Lugo Shop,Cuenca,Benet
2969,Lugo Shop,Jaén,Pelayo
2998,Lugo Shop,Cáceres,Amores
512,Lumbreras,"",Gisbert
560,Lumbreras,"",""
618,Luque,Asturias,""
939,Luz,Palencia,Mas
603,Luís,La Rioja,Morata
688,Luís,Valencia,Alonso
751,Luís,Vizcaya,Paniagua
857,Luís,Ciudad,#16b714
88,López,Cuenca,Pina
696,Madrid,Girona,Santamaría
1036,Madrid Shop,Palencia,Conde
1163,Madrid Shop,Ávila,#d6d615
1196,Madrid Shop,Zaragoza,Fuente
1285,Madrid Shop,Zamora,Benavides
1310,Madrid Shop,Melilla,Bauzà
1402,Madrid Shop,Santa Cruz de Tenerife,Ripoll
1449,Madrid Shop,Valladolid,Alonso
1451,Madrid Shop,Lleida,Vilar
1484,Madrid Shop,Castellón,Villegas
1569,Madrid Shop,Palencia,González
1845,Madrid Shop,"",Millán
1890,Madrid Shop,Jaén,Company
1951,Madrid Shop,Guipúzcoa,Valverde
2003,Madrid Shop,Toledo,""
2201,Madrid Shop,Las Palmas,Morell
2438,Madrid Shop,Jaén,Ángel
2451,Madrid Shop,Alicante,""
2513,Madrid Shop,Melilla,Godoy
2544,Madrid Shop,Granada,Llobet
2722,Madrid Shop,Pontevedra,Suárez
2739,Madrid Shop,Pontevedra,Guijarro
2763,Madrid Shop,Lugo,#f9aceb
2925,Madrid Shop,Castellón,Bonilla
2940,Madrid Shop,#98f2d5,Ródenas
272,Maestre,"",Roca
761,Maestre,Girona,Goicoechea
159,Maldonado,Melilla,""
644,Malo,Castellón,Comas
76,Mancebo,Castellón,Blanco
234,Manjón,Burgos,Segovia
732,Manrique,León,Vidal
813,Manso,Las Palmas,""
1,Manuel,Girona,Llorente
892,Manuel,Burgos,Pozo
600,Manzanares,"",Antón
609,Manzano,Almería,Barroso
406,Marcos,"",Echevarría
49,Mariscal,Palencia,Molina
181,Mariscal,Las Palmas,Sobrino
428,Marti,Cádiz,Roda
421,Martinez,La Rioja,Amaya
901,Martinez,Badajoz,Lorenzo
578,Martorell,La Coruña,Gaya
74,Martí,Ávila,Ochoa
987,Martín,Toledo,Rincón
817,Martínez,Cádiz,Manso
202,Marí,"",Barrera
103,Mascaró,Guipúzcoa,Perez
11,Mata,"",Sebastián
82,Mata,La Rioja,Nogueira
279,Mata,Albacete,#7cdb6d
439,Mateo,#b4a9f2,Morera
483,Mateo,Ávila,Manzano
786,Mateo,Pontevedra,Atienza
84,Mateu,Murcia,Jiménez
965,Mayo,Ciudad,Mir
794,Mayol,"",""
456,Maza,La Rioja,Garrido
814,Maza,Ceuta,#c6af01
253,Medina,Palencia,Nieto
392,Medina,Vizcaya,Serra
576,Melero,Salamanca,""
1054,Melilla Shop,León,Bravo
1090,Melilla Shop,"",Cuevas
1154,Melilla Shop,"",Barros
1184,Melilla Shop,Navarra,Arenas
1333,Melilla Shop,La Coruña,Bautista
1358,Melilla Shop,Salamanca,Rosselló
1360,Melilla Shop,"",Agullo
1405,Melilla Shop,Ceuta,""
1532,Melilla Shop,Valladolid,Bravo
1584,Melilla Shop,"",Angulo
1616,Melilla Shop,Ceuta,Quesada
1655,Melilla Shop,Pontevedra,Merino
1685,Melilla Shop,Soria,Juan
1690,Melilla Shop,Murcia,Leiva
1778,Melilla Shop,Cáceres,Martorell
1913,Melilla Shop,Guipúzcoa,""
1950,Melilla Shop,Barcelona,Gascón
2030,Melilla Shop,Jaén,Mayol
2194,Melilla Shop,Ourense,Mascaró
2218,Melilla Shop,Pontevedra,Hernández
2249,Melilla Shop,"",#6ded6d
2251,Melilla Shop,Ourense,Sáenz
2311,Melilla Shop,Huesca,Ruano
2322,Melilla Shop,La Coruña,Doménech
2373,Melilla Shop,"",Luna
2470,Melilla Shop,Huelva,Fabra
2534,Melilla Shop,La Coruña,Saavedra
2557,Melilla Shop,Lugo,Mulet
2752,Melilla Shop,Tarragona,Ródenas
2792,Melilla Shop,"",Pedro
2809,Melilla Shop,"",Barral
2861,Melilla Shop,Albacete,Aguiló
2900,Melilla Shop,Ciudad,Cid
2974,Melilla Shop,Zamora,Torralba
2977,Melilla Shop,#fc20cc,Codina
530,Mena,Zaragoza,Riquelme
747,Menéndez,#b945d1,Cerezo
340,Mercader,#ff3f7c,Trujillo
306,Mesa,Cáceres,""
884,Milla,Pontevedra,Alvarado
834,Mir,Madrid,Capdevila
510,Miralles,Guipúzcoa,Roma
437,Molina,Ourense,Segura
749,Moliner,Burgos,Gonzalo
399,Montenegro,"",""
165,Montes,Asturias,Pavón
582,Montes,Barcelona,Herrero
593,Montoya,Melilla,Vicens
627,Montserrat,Barcelona,Collado
462,Mora,"",Canet
647,Moraleda,"",Canales
167,Morales,Cuenca,Hervás
589,Morales,"",Barrera
720,Morales,Murcia,Frutos
661,Morante,Cádiz,Botella
417,Morcillo,Almería,Puerta
870,Morcillo,Las Palmas,Verdú
602,Morell,Barcelona,Amigó
958,Morell,Pontevedra,Izquierdo
53,Morera,Guipúzcoa,Benavent
419,Morillo,Jaén,Gisbert
376,Morán,Salamanca,Barros
441,Moya,Lugo,Puig
829,Moya,"",""
427,Mulet,"",Gallo
974,Mulet,Jaén,Arce
1228,Murcia Shop,Jaén,Nieto
1239,Murcia Shop,Badajoz,Romeu
1242,Murcia Shop,"",""
1299,Murcia Shop,Albacete,Carreras
1643,Murcia Shop,Ávila,Cabrera
1671,Murcia Shop,Tarragona,Jordá
1694,Murcia Shop,Soria,Báez
1772,Murcia Shop,Ceuta,Millán
1785,Murcia Shop,Sevilla,Osorio
1943,Murcia Shop,Ávila,Galvez
2013,Murcia Shop,Guadalajara,Perelló
2049,Murcia Shop,#70e099,Galván
2144,Murcia Shop,Zamora,Carpio
2161,Murcia Shop,Cádiz,Vaquero
2265,Murcia Shop,Huesca,Muñoz
2287,Murcia Shop,Castellón,Gil
2292,Murcia Shop,"",Enríquez
2344,Murcia Shop,Cáceres,#73e298
2430,Murcia Shop,Ciudad,Noguera
2493,Murcia Shop,Baleares,Uría
2521,Murcia Shop,Murcia,Peiró
2566,Murcia Shop,"",Anglada
2776,Murcia Shop,"",Castelló
2857,Murcia Shop,Girona,#f75e59
114,Murillo,Cáceres,Mena
895,Murillo,Álava,Bosch
1056,Málaga Shop,Zaragoza,Toro
1061,Málaga Shop,#f76e2e,Carranza
1082,Málaga Shop,Albacete,""
1093,Málaga Shop,Asturias,Antúnez
1204,Málaga Shop,Jaén,Bas
1231,Málaga Shop,La Rioja,""
1258,Málaga Shop,Huesca,""
1336,Málaga Shop,"",Andreu
1389,Málaga Shop,La Coruña,Salas
1551,Málaga Shop,"",""
1677,Málaga Shop,Asturias,Pablo
1699,Málaga Shop,Burgos,""
1711,Málaga Shop,Vizcaya,Soto
1975,Málaga Shop,Ourense,Carreño
2064,Málaga Shop,Granada,Perez
2290,Málaga Shop,"",Sastre
2361,Málaga Shop,Melilla,Calleja
2362,Málaga Shop,Cuenca,Cabrera
2421,Málaga Shop,Segovia,Cornejo
2452,Málaga Shop,Ourense,Abella
2462,Málaga Shop,Salamanca,Barrera
2478,Málaga Shop,La Rioja,Uribe
2590,Málaga Shop,Cuenca,Larrañaga
2638,Málaga Shop,Castellón,Duran
2662,Málaga Shop,Cantabria,""
2750,Málaga Shop,#fff423,Gimenez
2772,Málaga Shop,Palencia,""
2801,Málaga Shop,#d831c8,Olmo
2949,Málaga Shop,#db6770,Roman
2995,Málaga Shop,Ávila,Coloma
408,Mármol,Madrid,Bernad
948,Mínguez,Las Palmas,Zabaleta
949,Mínguez,Albacete,""
952,Múgica,"",Torralba
115,Múñiz,Barcelona,Borja
367,Múñiz,"",Mosquera
924,Múñiz,Lleida,#6301bf
555,Nadal,Teruel,Villegas
304,Naranjo,Zamora,Peral
1016,Navarra Shop,Córdoba,Montero
1060,Navarra Shop,"",Heras
1084,Navarra Shop,Ciudad,Jódar
1095,Navarra Shop,Soria,Rincón
1104,Navarra Shop,Granada,Agustín
1179,Navarra Shop,Pontevedra,Larrea
1230,Navarra Shop,Almería,Español
1384,Navarra Shop,Navarra,Cabo
1458,Navarra Shop,Álava,""
1475,Navarra Shop,#633abc,Beltrán
1556,Navarra Shop,Cáceres,Prieto
1591,Navarra Shop,"",Rico
1623,Navarra Shop,Málaga,Cañas
1641,Navarra Shop,Almería,Mas
1701,Navarra Shop,"",Cid
1794,Navarra Shop,Cantabria,Milla
1851,Navarra Shop,"",#017782
1908,Navarra Shop,"",""
1968,Navarra Shop,"",#c600b3
2086,Navarra Shop,"",Martin
2203,Navarra Shop,Cantabria,Rodriguez
2217,Navarra Shop,Melilla,Riba
2270,Navarra Shop,Castellón,Asenjo
2324,Navarra Shop,Soria,#75e5ad
2325,Navarra Shop,Valencia,Yuste
2342,Navarra Shop,Cáceres,Ávila
2350,Navarra Shop,Alicante,Asensio
2490,Navarra Shop,Sevilla,Carmona
2510,Navarra Shop,Guipúzcoa,Carnero
2511,Navarra Shop,Murcia,Benitez
2524,Navarra Shop,"",Moraleda
2556,Navarra Shop,Salamanca,""
2667,Navarra Shop,"",Figueroa
2705,Navarra Shop,#2fb76a,""
2738,Navarra Shop,Cantabria,Barragán
2759,Navarra Shop,Asturias,Cal
2777,Navarra Shop,Cáceres,Tejada
2783,Navarra Shop,Salamanca,Pinilla
2849,Navarra Shop,Vizcaya,""
2865,Navarra Shop,#470a75,Peiró
2893,Navarra Shop,Guadalajara,""
2922,Navarra Shop,Ceuta,Vera
2934,Navarra Shop,Asturias,Castelló
2941,Navarra Shop,"",Escrivá
2965,Navarra Shop,Castellón,""
2985,Navarra Shop,Las Palmas,Sureda
2986,Navarra Shop,Huesca,""
431,Navarrete,"",Iborra
169,Navas,Barcelona,#d3f48b
101,Niño,Valladolid,Antúnez
991,Nogueira,Huelva,Echeverría
222,Nogués,Huelva,Albero
711,Nogués,"",""
403,Núñez,Burgos,Iglesia
295,Ocaña,#fceb8a,Sala
509,Ocaña,Cádiz,""
438,Ojeda,Sevilla,Estevez
617,Oliver,Asturias,Macías
143,Olivera,La Coruña,Vázquez
35,Ordóñez,Baleares,Saez
522,Ordóñez,Ceuta,Valenciano
41,Ortega,Salamanca,#92db5e
207,Ortega,Cantabria,Colomer
959,Ortega,Valencia,Sosa
525,Ortiz,Ceuta,Cerro
824,Ortuño,Segovia,Chacón
138,Osuna,Palencia,""
153,Osuna,Murcia,""
672,Osuna,Cuenca,Donoso
296,Otero,Vizcaya,Naranjo
1077,Ourense Shop,Alicante,Lluch
1428,Ourense Shop,Zamora,Cepeda
1448,Ourense Shop,Cáceres,Olivé
1504,Ourense Shop,#8647d8,Acosta
1530,Ourense Shop,Álava,Barrena
1610,Ourense Shop,Badajoz,""
1660,Ourense Shop,Sevilla,Garriga
1795,Ourense Shop,Córdoba,#ba221f
1912,Ourense Shop,Castellón,Garcés
1917,Ourense Shop,"",Téllez
1931,Ourense Shop,Granada,""
1967,Ourense Shop,Lugo,Gibert
2032,Ourense Shop,Asturias,Cáceres
2059,Ourense Shop,Castellón,#ffbff3
2080,Ourense Shop,La Coruña,Amor
2120,Ourense Shop,Badajoz,Vazquez
2171,Ourense Shop,"",Mur
2176,Ourense Shop,Sevilla,Manso
2184,Ourense Shop,Guipúzcoa,Pedrero
2187,Ourense Shop,La Coruña,Lara
2212,Ourense Shop,Valladolid,Cañas
2316,Ourense Shop,Palencia,Manuel
2329,Ourense Shop,Ávila,Seguí
2407,Ourense Shop,#23cc02,Arranz
2529,Ourense Shop,Soria,Melero
2672,Ourense Shop,Baleares,Alegre
2715,Ourense Shop,Guipúzcoa,Fábregas
2868,Ourense Shop,#fcf7b8,González
2928,Ourense Shop,Burgos,Córdoba
2952,Ourense Shop,Cuenca,Nicolau
1000,Pacheco,Vizcaya,Márquez
1019,Palencia Shop,Lugo,Andrade
1139,Palencia Shop,Badajoz,Bastida
1190,Palencia Shop,Guadalajara,Criado
1226,Palencia Shop,Lleida,Aguilar
1394,Palencia Shop,Salamanca,Roma
1481,Palencia Shop,#efd87c,Roma
1631,Palencia Shop,"",Sanchez
1782,Palencia Shop,La Coruña,Calvo
1916,Palencia Shop,"",Rodríguez
2047,Palencia Shop,Ciudad,Raya
2275,Palencia Shop,"",Cano
2354,Palencia Shop,Salamanca,Riquelme
2420,Palencia Shop,Cantabria,Roma
2457,Palencia Shop,Valladolid,Montserrat
2461,Palencia Shop,#e0597f,""
2463,Palencia Shop,Ávila,Olivares
2523,Palencia Shop,Valencia,Vilaplana
2535,Palencia Shop,Toledo,""
2546,Palencia Shop,Melilla,Castrillo
2589,Palencia Shop,"",Peña
2637,Palencia Shop,"",Galvez
2754,Palencia Shop,Teruel,Martin
2770,Palencia Shop,Castellón,Vilaplana
2773,Palencia Shop,León,Bermejo
2791,Palencia Shop,Zamora,Verdejo
473,Pallarès,Baleares,""
595,Pallarès,"",Saldaña
951,Palmer,#55dbd4,""
381,Palomar,Ciudad,Herrera
704,Palomar,Ceuta,Folch
285,Palomares,Vizcaya,Rosselló
263,Paniagua,Teruel,Reina
872,Paredes,Cuenca,Infante
119,Parra,"",Torrens
615,Parra,Teruel,Guillen
349,Pedraza,Barcelona,Zorrilla
68,Peinado,"",Reig
436,Peinado,Ávila,Roldan
590,Peinado,Madrid,Baena
795,Peinado,Cáceres,#7ed345
622,Peiró,Melilla,""
83,Pellicer,Cádiz,Ferreras
77,Pera,"",Portero
604,Peral,Asturias,Plana
700,Peralta,"",Varela
639,Perea,"",Mata
208,Perelló,Navarra,Villa
92,Peñas,Las Palmas,Perez
970,Pina,"",Gonzalo
889,Pineda,Girona,#9ef780
152,Pinilla,Salamanca,""
350,Pinilla,Málaga,""
463,Pino,Huelva,Bejarano
122,Pintor,Ourense,Borrell
914,Pintor,Pontevedra,Bayona
160,Piquer,Ciudad,Villar
247,Plana,"",Acuña
893,Planas,"",Salinas
579,Plaza,Ourense,Molina
775,Pol,Madrid,Abellán
741,Polo,Soria,Silva
940,Polo,Córdoba,""
449,Pomares,Ceuta,Lasa
599,Ponce,Barcelona,Bertrán
788,Ponce,Baleares,Verdugo
127,Pons,Navarra,Jurado
60,Pont,Valencia,Boix
1074,Pontevedra Shop,Málaga,Zabaleta
1110,Pontevedra Shop,#85e5d2,Mur
1155,Pontevedra Shop,"",Gómez
1206,Pontevedra Shop,Granada,Gomis
1216,Pontevedra Shop,Granada,Peñalver
1254,Pontevedra Shop,Badajoz,Lerma
1282,Pontevedra Shop,Málaga,Pinedo
1436,Pontevedra Shop,Valencia,Alba
1514,Pontevedra Shop,"",Martinez
1622,Pontevedra Shop,Huelva,Matas
1656,Pontevedra Shop,León,Barco
1704,Pontevedra Shop,Baleares,Rivera
1731,Pontevedra Shop,Huelva,Pera
1742,Pontevedra Shop,Segovia,Corral
1832,Pontevedra Shop,"",Castillo
1948,Pontevedra Shop,#abdb43,Alfonso
2087,Pontevedra Shop,"",""
2121,Pontevedra Shop,Cáceres,""
2206,Pontevedra Shop,#8ef78c,Franch
2220,Pontevedra Shop,Huesca,""
2319,Pontevedra Shop,Guadalajara,Reguera
2503,Pontevedra Shop,Ourense,Gomis
2619,Pontevedra Shop,Cantabria,#7fefca
2797,Pontevedra Shop,Cádiz,Chico
2835,Pontevedra Shop,Soria,Palacios
2870,Pontevedra Shop,Guipúzcoa,Galván
2883,Pontevedra Shop,Almería,#ff1efb
2896,Pontevedra Shop,Burgos,Escudero
2903,Pontevedra Shop,Murcia,""
2936,Pontevedra Shop,Ávila,Carrera
2955,Pontevedra Shop,Almería,Solsona
3000,Pontevedra Shop,Córdoba,Alemán
765,Porcel,Soria,Font
29,Porras,Lleida,Esparza
858,Porras,#bad6fc,Piña
423,Portillo,Navarra,Ariza
217,Poza,León,#5ed13e
318,Poza,#e8b68f,Montes
888,Pozo,Ceuta,Ferreras
485,Pozuelo,Teruel,Arnal
373,Prado,Melilla,Sanjuan
554,Prado,#785bb7,Urrutia
803,Prats,Cantabria,""
809,Prieto,Guadalajara,""
960,Prieto,Córdoba,Amores
608,Puente,Álava,Frutos
883,Puerta,Zaragoza,Molina
102,Pujadas,León,Cañas
610,Pujadas,Jaén,""
209,Pujol,"",""
934,Páez,León,#ffccce
47,Pérez,Granada,Alberdi
148,Pérez,Girona,Vives
396,Quintana,Melilla,Álvaro
630,Quintero,Huesca,Narváez
787,Quintero,#8554d8,Alonso
305,Quiroga,Madrid,""
25,Ramirez,Sevilla,Céspedes
897,Ramirez,Huesca,Moya
848,Ramón,"",Solé
744,Raya,"",Cabañas
886,Raya,Sevilla,Barceló
989,Raya,Ourense,Montes
71,Rebollo,Madrid,""
211,Recio,#dd8dcd,Cañete
646,Recio,Madrid,Carreño
791,Redondo,"",#f968af
231,Reyes,Salamanca,Giralt
885,Reyes,Álava,Lluch
87,Ribera,Álava,Ferrán
492,Ribera,Jaén,Heras
698,Ribera,"",Mendoza
175,Ribes,Lugo,Pujadas
902,Riera,Melilla,""
996,Rincón,#51c115,Peña
89,Ripoll,Cantabria,Hernando
6,Rius,Albacete,Ángel
131,Rius,Granada,Vigil
401,Rivas,"",Terrón
907,Rivero,Ourense,Borja
982,Rivero,Valencia,Caparrós
854,Robledo,Ourense,""
657,Roca,Vizcaya,Valle
632,Rocamora,#dbfcae,Gallo
738,Rocha,#7da5d1,Uriarte
430,Roda,Teruel,Berrocal
274,Rodriguez,Albacete,Nogueira
558,Rojas,"",Briones
91,Roman,Valencia,#c113a1
264,Román,Navarra,""
469,Román,Málaga,""
925,Román,Palencia,""
334,Ropero,Murcia,Crespi
553,Ros,Lleida,#f28ebb
777,Ros,Badajoz,Valentín
147,Rosa,Cuenca,Salinas
273,Rosa,La Coruña,Moya
635,Roselló,Vizcaya,Arco
58,Rosselló,Segovia,Díez
249,Royo,Cantabria,Jiménez
763,Rueda,Teruel,Fonseca
225,Ródenas,"",Balaguer
780,Saavedra,Ceuta,Asenjo
652,Sabater,"",""
221,Saez,Albacete,Goñi
66,Sala,Navarra,Jáuregui
936,Sala,Huelva,Mateo
729,Salamanca,Pontevedra,Tudela
1009,Salamanca Shop,Burgos,""
1044,Salamanca Shop,#e86abe,""
1076,Salamanca Shop,Vizcaya,Leiva
1243,Salamanca Shop,Alicante,Mas
1372,Salamanca Shop,Pontevedra,Perera
1381,Salamanca Shop,"",Morera
1446,Salamanca Shop,"",Valenciano
1471,Salamanca Shop,"",Coloma
1500,Salamanca Shop,Soria,Cañete
1510,Salamanca Shop,La Coruña,#a4fcbe
1531,Salamanca Shop,Navarra,Contreras
1540,Salamanca Shop,Santa Cruz de Tenerife,Escamilla
1640,Salamanca Shop,Las Palmas,Franch
1696,Salamanca Shop,Albacete,González
1848,Salamanca Shop,Cantabria,""
1872,Salamanca Shop,"",Higueras
1954,Salamanca Shop,"",Falcón
1955,Salamanca Shop,Melilla,""
2083,Salamanca Shop,"",Sans
2155,Salamanca Shop,Pontevedra,Azorin
2159,Salamanca Shop,Granada,Godoy
2232,Salamanca Shop,Lleida,Moraleda
2388,Salamanca Shop,Ceuta,Ramos
2540,Salamanca Shop,"",Talavera
2594,Salamanca Shop,Guadalajara,Duque
2620,Salamanca Shop,Badajoz,Baños
2731,Salamanca Shop,Toledo,Madrid
2878,Salamanca Shop,"",Padilla
2944,Salamanca Shop,Pontevedra,Carro
2994,Salamanca Shop,León,Yuste
433,Salcedo,Lugo,Millán
779,Saldaña,Tarragona,""
240,Sales,#dbc30d,Cordero
616,Salgado,"",Garzón
4,Salinas,Madrid,Sandoval
51,Salom,Huesca,Sobrino
756,Salom,"",Lago
278,Salvador,"",Armas
752,Salvador,"",""
946,Salvà,Salamanca,""
694,Samper,Almería,Mate
205,Sanabria,"",""
329,Sanabria,Málaga,Olmedo
488,Sanchez,Salamanca,Sola
56,Sancho,Sevilla,""
910,Sanmartín,Salamanca,Frías
1040,Santa Cruz de Tenerife Shop,Córdoba,""
1051,Santa Cruz de Tenerife Shop,Murcia,Mulet
1138,Santa Cruz de Tenerife Shop,"",Coronado
1322,Santa Cruz de Tenerife Shop,Alicante,Barco
1368,Santa Cruz de Tenerife Shop,Teruel,Agudo
1400,Santa Cruz de Tenerife Shop,"",Bru
1412,Santa Cruz de Tenerife Shop,Cáceres,Garay
1425,Santa Cruz de Tenerife Shop,"",Laguna
1674,Santa Cruz de Tenerife Shop,La Coruña,""
1733,Santa Cruz de Tenerife Shop,#66f4ad,""
1926,Santa Cruz de Tenerife Shop,Baleares,Mateu
2019,Santa Cruz de Tenerife Shop,Tarragona,Corominas
2024,Santa Cruz de Tenerife Shop,Castellón,Estévez
2129,Santa Cruz de Tenerife Shop,"",Rosales
2205,Santa Cruz de Tenerife Shop,Murcia,Montserrat
2225,Santa Cruz de Tenerife Shop,Lleida,Díaz
2237,Santa Cruz de Tenerife Shop,Cádiz,#eefcab
2309,Santa Cruz de Tenerife Shop,Lleida,González
2320,Santa Cruz de Tenerife Shop,#db961e,""
2369,Santa Cruz de Tenerife Shop,#97c3db,Roma
2374,Santa Cruz de Tenerife Shop,Navarra,Leiva
2389,Santa Cruz de Tenerife Shop,Salamanca,Gras
2408,Santa Cruz de Tenerife Shop,Valencia,Taboada
2431,Santa Cruz de Tenerife Shop,Tarragona,Calvo
2467,Santa Cruz de Tenerife Shop,La Rioja,Casals
2488,Santa Cruz de Tenerife Shop,La Rioja,""
2612,Santa Cruz de Tenerife Shop,Ciudad,Macías
2658,Santa Cruz de Tenerife Shop,Sevilla,Gracia
2745,Santa Cruz de Tenerife Shop,Castellón,Casanovas
2747,Santa Cruz de Tenerife Shop,Pontevedra,Nuñez
2786,Santa Cruz de Tenerife Shop,#4d13dd,Cortes
521,Santamaria,Córdoba,Valencia
5,Santamaría,Pontevedra,Barrios
782,Santamaría,Albacete,Osuna
141,Santana,Alicante,Lara
117,Sarabia,Ciudad,Cervantes
339,Sarmiento,Pontevedra,Céspedes
474,Sarmiento,Teruel,Sanz
740,Sarmiento,Cuenca,Morillo
451,Sastre,Las Palmas,Pallarès
778,Sastre,Lleida,Agustí
110,Saura,Cádiz,Roca
184,Seco,Pontevedra,Torres
911,Sedano,Valencia,""
73,Segarra,#e0aaed,Uriarte
173,Segarra,La Coruña,Barriga
649,Segovia,Cantabria,Santiago
659,Segovia,Pontevedra,""
1058,Segovia Shop,"",Andres
1070,Segovia Shop,Tarragona,Hidalgo
1117,Segovia Shop,Palencia,""
1203,Segovia Shop,Pontevedra,Ferrer
1215,Segovia Shop,Cantabria,Hervia
1301,Segovia Shop,Castellón,Llopis
1356,Segovia Shop,Pontevedra,Amores
1498,Segovia Shop,Guipúzcoa,Romero
1507,Segovia Shop,Girona,Tena
1570,Segovia Shop,"",#12e8e0
1585,Segovia Shop,Castellón,Reguera
1593,Segovia Shop,Salamanca,Hoz
1634,Segovia Shop,Jaén,Hidalgo
1645,Segovia Shop,Cantabria,""
1702,Segovia Shop,Zamora,Porcel
1714,Segovia Shop,Zaragoza,Zabaleta
1790,Segovia Shop,Castellón,Pulido
1891,Segovia Shop,"",Tejera
2023,Segovia Shop,Barcelona,Berenguer
2101,Segovia Shop,Girona,Badía
2136,Segovia Shop,"",""
2139,Segovia Shop,Santa Cruz de Tenerife,""
2199,Segovia Shop,La Coruña,Machado
2222,Segovia Shop,Alicante,Gutierrez
2244,Segovia Shop,"",Criado
2248,Segovia Shop,Navarra,Duarte
2262,Segovia Shop,#83efa5,Solé
2280,Segovia Shop,Murcia,""
2285,Segovia Shop,Cádiz,Beltran
2301,Segovia Shop,Álava,Alvarado
2302,Segovia Shop,"",Tejero
2392,Segovia Shop,Tarragona,Leiva
2411,Segovia Shop,Córdoba,Barrios
2473,Segovia Shop,Jaén,Burgos
2768,Segovia Shop,Ciudad,Rivas
2804,Segovia Shop,Málaga,Bustos
2929,Segovia Shop,León,Becerra
2957,Segovia Shop,#db1e6d,Aguilar
2958,Segovia Shop,Baleares,Isern
2980,Segovia Shop,Palencia,Hervás
2987,Segovia Shop,Baleares,Rojas
619,Serna,"",""
954,Serna,Ourense,Mayol
480,Serrano,Segovia,Baró
1079,Sevilla Shop,Zaragoza,Terrón
1096,Sevilla Shop,"",Roig
1344,Sevilla Shop,Cuenca,#14db02
1414,Sevilla Shop,Jaén,""
1582,Sevilla Shop,La Rioja,Iniesta
1632,Sevilla Shop,Ceuta,Quevedo
1639,Sevilla Shop,Lugo,Osorio
1678,Sevilla Shop,Cáceres,""
1773,Sevilla Shop,Cantabria,Ángel
1811,Sevilla Shop,Huesca,Paredes
1842,Sevilla Shop,Las Palmas,Jaume
1868,Sevilla Shop,Zamora,Mateu
1981,Sevilla Shop,Huelva,Bauzà
2034,Sevilla Shop,Las Palmas,Juan
2044,Sevilla Shop,Santa Cruz de Tenerife,Lerma
2053,Sevilla Shop,"",""
2054,Sevilla Shop,"",Palmer
2093,Sevilla Shop,"",Tolosa
2134,Sevilla Shop,Segovia,Cadenas
2213,Sevilla Shop,Ceuta,Monreal
2215,Sevilla Shop,Toledo,Infante
2299,Sevilla Shop,Cáceres,#1cfff7
2335,Sevilla Shop,Palencia,Grau
2413,Sevilla Shop,La Coruña,Machado
2489,Sevilla Shop,"",Córdoba
2538,Sevilla Shop,Guadalajara,Cisneros
2580,Sevilla Shop,Salamanca,Infante
2597,Sevilla Shop,Toledo,Cuevas
2651,Sevilla Shop,"",Gálvez
2746,Sevilla Shop,León,Piquer
2808,Sevilla Shop,Jaén,Garmendia
2915,Sevilla Shop,Ciudad,""
30,Sierra,Murcia,Pintor
40,Sierra,Toledo,Moliner
260,Sierra,Cádiz,Peláez
215,Simó,Alicante,Boada
362,Sobrino,Guipúzcoa,""
416,Sobrino,Castellón,Fajardo
471,Sobrino,Jaén,Villa
721,Sobrino,"",Ruano
322,Sola,#cb66d6,Río
868,Solana,Ciudad,Romeu
97,Solano,Álava,""
126,Solano,Lleida,""
668,Solano,Las Palmas,Padilla
391,Solera,"",Ortuño
928,Solera,#e096cc,#f990b5
518,Somoza,Granada,Dominguez
1003,Soria Shop,#1d56e5,Milla
1008,Soria Shop,Santa Cruz de Tenerife,Silva
1025,Soria Shop,Pontevedra,Pont
1073,Soria Shop,"",Cabello
1198,Soria Shop,Granada,Blanes
1264,Soria Shop,"",Carretero
1272,Soria Shop,"",Pérez
1321,Soria Shop,Toledo,""
1427,Soria Shop,Málaga,Valverde
1440,Soria Shop,Palencia,Sanmartín
1549,Soria Shop,Tarragona,Requena
1563,Soria Shop,Burgos,Guillén
1612,Soria Shop,#f75654,Silva
1687,Soria Shop,La Rioja,Morera
1730,Soria Shop,Valladolid,Piquer
1983,Soria Shop,Cantabria,Talavera
2107,Soria Shop,Castellón,#e5b187
2182,Soria Shop,Ceuta,Gutiérrez
2195,Soria Shop,Girona,""
2377,Soria Shop,"",Gil
2418,Soria Shop,Cádiz,""
2573,Soria Shop,Lugo,Leal
2574,Soria Shop,León,Lorenzo
2661,Soria Shop,Ceuta,""
2711,Soria Shop,Santa Cruz de Tenerife,Santiago
2779,Soria Shop,Castellón,Carrera
2864,Soria Shop,Albacete,Porcel
2885,Soria Shop,Palencia,Roca
2902,Soria Shop,"",""
2982,Soria Shop,"",""
597,Sotelo,Lleida,Sarabia
588,Soto,"",Malo
699,Soto,Salamanca,Hernandez
733,Suarez,Ourense,""
878,Sáenz,"",Jurado
572,Talavera,Vizcaya,Atienza
1005,Tarragona Shop,Ourense,Llanos
1128,Tarragona Shop,"",Palma
1194,Tarragona Shop,Lleida,Meléndez
1266,Tarragona Shop,Toledo,""
1395,Tarragona Shop,Almería,#ed9ce2
1479,Tarragona Shop,Cádiz,""
1490,Tarragona Shop,Salamanca,#d85fc4
1553,Tarragona Shop,"",""
1575,Tarragona Shop,Palencia,Fiol
1658,Tarragona Shop,Alicante,Querol
1664,Tarragona Shop,Alicante,Viña
1710,Tarragona Shop,Lleida,Vergara
1775,Tarragona Shop,Almería,""
1815,Tarragona Shop,"",""
1824,Tarragona Shop,Málaga,""
1844,Tarragona Shop,"",Rosa
1887,Tarragona Shop,Cádiz,""
1942,Tarragona Shop,"",Coll
1977,Tarragona Shop,Asturias,Roura
2092,Tarragona Shop,Guipúzcoa,Rojas
2105,Tarragona Shop,Guipúzcoa,Corbacho
2179,Tarragona Shop,Alicante,""
2227,Tarragona Shop,Ávila,Vigil
2264,Tarragona Shop,Melilla,Rivera
2312,Tarragona Shop,Navarra,Peinado
2328,Tarragona Shop,"",Montoya
2341,Tarragona Shop,"",#fce7ba
2371,Tarragona Shop,Valladolid,""
2460,Tarragona Shop,Huesca,Arranz
2484,Tarragona Shop,Almería,Blanes
2575,Tarragona Shop,Santa Cruz de Tenerife,Beltran
2601,Tarragona Shop,Zamora,#f9eb22
2626,Tarragona Shop,Baleares,""
2721,Tarragona Shop,Valladolid,Campillo
2753,Tarragona Shop,Melilla,Carranza
2991,Tarragona Shop,Badajoz,Rius
606,Tejedor,Cáceres,""
151,Tejero,Alicante,Sans
845,Tejero,Cantabria,Gallardo
853,Tello,Huelva,Merino
917,Tello,"",Andrés
59,Tena,Las Palmas,Echevarría
355,Tena,Guadalajara,""
643,Tenorio,Ciudad,""
1211,Teruel Shop,Santa Cruz de Tenerife,""
1291,Teruel Shop,"",Benítez
1340,Teruel Shop,"",Rincón
1355,Teruel Shop,Guipúzcoa,""
1399,Teruel Shop,"",González
1509,Teruel Shop,Zaragoza,Plana
1516,Teruel Shop,Vizcaya,#f260d5
1535,Teruel Shop,Santa Cruz de Tenerife,Saavedra
1613,Teruel Shop,Ávila,Redondo
1675,Teruel Shop,"",Gámez
1818,Teruel Shop,Toledo,Piña
1823,Teruel Shop,Las Palmas,Abella
2027,Teruel Shop,"",Llopis
2067,Teruel Shop,Burgos,""
2160,Teruel Shop,Cádiz,Castillo
2402,Teruel Shop,"",Palomar
2696,Teruel Shop,Zaragoza,Coello
2718,Teruel Shop,Guadalajara,Amaya
2720,Teruel Shop,"",Nevado
2803,Teruel Shop,Huelva,Somoza
2935,Teruel Shop,Guipúzcoa,#c93e32
1088,Toledo Shop,Albacete,Esparza
1168,Toledo Shop,Valencia,Caballero
1270,Toledo Shop,"",Pomares
1295,Toledo Shop,Sevilla,Franco
1460,Toledo Shop,Girona,""
1488,Toledo Shop,#e5f490,Mateu
1597,Toledo Shop,Segovia,Expósito
1617,Toledo Shop,Cuenca,Moles
1628,Toledo Shop,Huesca,Moliner
1691,Toledo Shop,"",Lladó
1712,Toledo Shop,La Rioja,""
1721,Toledo Shop,Murcia,Zamorano
1744,Toledo Shop,León,""
1750,Toledo Shop,"",Botella
1753,Toledo Shop,"",Recio
1869,Toledo Shop,Huelva,Coca
1973,Toledo Shop,Alicante,Lillo
2091,Toledo Shop,Madrid,Salom
2177,Toledo Shop,Cáceres,#1a5d7a
2223,Toledo Shop,Teruel,Varela
2239,Toledo Shop,Las Palmas,Cáceres
2278,Toledo Shop,#f6ffa5,Benavent
2326,Toledo Shop,"",""
2355,Toledo Shop,Málaga,Bastida
2386,Toledo Shop,Navarra,""
2391,Toledo Shop,Barcelona,Bernal
2400,Toledo Shop,Valladolid,""
2414,Toledo Shop,#3c7cad,""
2537,Toledo Shop,Las Palmas,Alberto
2549,Toledo Shop,#905ddd,#c775ea
2551,Toledo Shop,Zamora,Navarro
2604,Toledo Shop,Melilla,Zurita
2669,Toledo Shop,Ciudad,Montenegro
2698,Toledo Shop,Cuenca,Almansa
2728,Toledo Shop,Badajoz,Amador
2733,Toledo Shop,Girona,Arregui
2771,Toledo Shop,Girona,Chaparro
2822,Toledo Shop,Soria,""
2901,Toledo Shop,Baleares,""
2976,Toledo Shop,"",Gonzalez
235,Tormo,"",Otero
865,Tormo,#1da357,Lago
135,Torralba,Soria,""
849,Torralba,"",Llopis
384,Torre,Madrid,Ferrer
501,Torrecilla,Huelva,Manso
667,Torres,Barcelona,Ferrer
988,Torrijos,Las Palmas,Cisneros
532,Trujillo,Las Palmas,Navarro
197,Téllez,#cec708,Cañete
810,Téllez,"",Landa
538,Ugarte,Huelva,""
327,Ureña,"",Bosch
379,Uribe,"",Canet
484,Uribe,León,Sales
252,Valcárcel,Ciudad,Quirós
728,Valderrama,"",Ros
112,Valdés,Valencia,Mata
442,Valencia,Jaén,Ayala
1041,Valencia Shop,Huelva,Barrera
1178,Valencia Shop,Asturias,Reguera
1193,Valencia Shop,"",Casas
1249,Valencia Shop,Girona,Mercader
1307,Valencia Shop,Castellón,Ballester
1319,Valencia Shop,Girona,Cuervo
1390,Valencia Shop,Cuenca,Solano
1468,Valencia Shop,Asturias,Hoz
1598,Valencia Shop,"",Nogués
1599,Valencia Shop,Cantabria,Blanco
1635,Valencia Shop,Guadalajara,Cisneros
1774,Valencia Shop,Melilla,España
1881,Valencia Shop,#37e58b,Pedrosa
1892,Valencia Shop,"",Moll
2010,Valencia Shop,La Rioja,""
2036,Valencia Shop,Huelva,Mur
2038,Valencia Shop,Córdoba,Neira
2117,Valencia Shop,"",Guillen
2145,Valencia Shop,Guipúzcoa,Castejón
2245,Valencia Shop,Tarragona,Amigó
2269,Valencia Shop,"",Vila
2381,Valencia Shop,#73e000,Cañas
2427,Valencia Shop,"",""
2444,Valencia Shop,"",Perea
2518,Valencia Shop,Toledo,Valderrama
2520,Valencia Shop,Cuenca,Malo
2725,Valencia Shop,Guipúzcoa,Nebot
2866,Valencia Shop,"",Tur
2999,Valencia Shop,Pontevedra,Quevedo
346,Valenciano,Cáceres,Tapia
356,Valenciano,Granada,Blanes
528,Valentín,"",Carnero
191,Vall,"",Aranda
713,Vall,Sevilla,Revilla
990,Vall,Huesca,""
1004,Valladolid Shop,Alicante,Garrido
1091,Valladolid Shop,"",Camino
1145,Valladolid Shop,Pontevedra,Porras
1212,Valladolid Shop,#e843c1,Clavero
1217,Valladolid Shop,Ourense,Tirado
1252,Valladolid Shop,Burgos,Ferrándiz
1256,Valladolid Shop,Málaga,""
1292,Valladolid Shop,Toledo,Rubio
1311,Valladolid Shop,Las Palmas,Prado
1338,Valladolid Shop,Ourense,#68d62c
1404,Valladolid Shop,#edffb2,""
1502,Valladolid Shop,Alicante,Mir
1544,Valladolid Shop,Albacete,Roman
1562,Valladolid Shop,Cádiz,Laguna
1644,Valladolid Shop,"",""
1762,Valladolid Shop,Albacete,Morell
1770,Valladolid Shop,Tarragona,""
1788,Valladolid Shop,Segovia,""
1809,Valladolid Shop,"",#c1ed90
1928,Valladolid Shop,Valencia,Vizcaíno
1930,Valladolid Shop,#c1e5ff,Camino
2025,Valladolid Shop,"",Moles
2125,Valladolid Shop,Ceuta,Samper
2128,Valladolid Shop,"",Martí
2152,Valladolid Shop,Madrid,Zorrilla
2197,Valladolid Shop,Pontevedra,Dávila
2286,Valladolid Shop,Cuenca,""
2464,Valladolid Shop,Santa Cruz de Tenerife,Artigas
2472,Valladolid Shop,La Coruña,Arranz
2506,Valladolid Shop,Guadalajara,Huerta
2622,Valladolid Shop,Palencia,Rovira
2735,Valladolid Shop,#fccbba,Estevez
2756,Valladolid Shop,Burgos,Guerrero
2888,Valladolid Shop,"",Pérez
2892,Valladolid Shop,Córdoba,Castillo
2919,Valladolid Shop,"",Pina
2962,Valladolid Shop,"",""
724,Vallejo,Zamora,Alfonso
37,Valverde,La Rioja,Ballesteros
568,Valverde,Asturias,Cerdá
457,Vaquero,Jaén,Palomar
675,Vaquero,"",Carbajo
107,Vargas,Lugo,Gisbert
503,Vargas,Santa Cruz de Tenerife,Ramón
513,Vargas,Córdoba,Talavera
915,Vega,Ciudad,Vallejo
642,Velasco,Guadalajara,Llorente
801,Velasco,Lugo,Peñas
105,Vera,Álava,Burgos
412,Verdugo,Palencia,""
420,Vergara,Cantabria,Arenas
242,Vicens,Santa Cruz de Tenerife,""
887,Vicens,Alicante,Falcón
106,Vigil,Jaén,""
429,Vila,Jaén,Hernandez
454,Vilanova,Santa Cruz de Tenerife,""
372,Vilar,Huelva,Gelabert
797,Vilar,Guipúzcoa,Pintor
32,Villa,Las Palmas,Laguna
527,Villa,La Coruña,""
654,Villa,"",Alberdi
866,Villa,León,Borrás
833,Villalba,Cáceres,Pelayo
140,Villalobos,Baleares,Rovira
404,Villalobos,Barcelona,Collado
465,Villalobos,"",Sales
343,Villalonga,Cuenca,Palma
920,Villar,Cantabria,Pujadas
176,Villegas,"",Villalba
722,Villegas,Alicante,Vendrell
10,Vives,Zaragoza,Vilanova
1012,Vizcaya Shop,Soria,Catalá
1032,Vizcaya Shop,Alicante,Murillo
1098,Vizcaya Shop,Teruel,Bilbao
1149,Vizcaya Shop,Melilla,Sanmartín
1152,Vizcaya Shop,Toledo,Luján
1185,Vizcaya Shop,Zaragoza,Jaume
1245,Vizcaya Shop,Guipúzcoa,Páez
1287,Vizcaya Shop,Murcia,Madrid
1348,Vizcaya Shop,Valladolid,Nieto
1376,Vizcaya Shop,#0bc188,#d17ce2
1396,Vizcaya Shop,Ciudad,Rovira
1416,Vizcaya Shop,León,Diaz
1465,Vizcaya Shop,#eab779,Fonseca
1568,Vizcaya Shop,Guipúzcoa,Riba
1695,Vizcaya Shop,Salamanca,Linares
1820,Vizcaya Shop,Alicante,Cabanillas
1843,Vizcaya Shop,Santa Cruz de Tenerife,Álvaro
1974,Vizcaya Shop,Lleida,Hoz
2071,Vizcaya Shop,Alicante,Tomás
2114,Vizcaya Shop,Vizcaya,Rosales
2166,Vizcaya Shop,"",""
2186,Vizcaya Shop,"",""
2240,Vizcaya Shop,"",Infante
2366,Vizcaya Shop,Ávila,Coello
2399,Vizcaya Shop,"",#f2f79e
2530,Vizcaya Shop,Ávila,Cabrero
2564,Vizcaya Shop,Santa Cruz de Tenerife,""
2642,Vizcaya Shop,Toledo,Prada
2856,Vizcaya Shop,Guadalajara,Sacristán
516,Vizcaíno,Albacete,Jaume
171,Viña,Palencia,Patiño
922,Yuste,Barcelona,Castellanos
63,Yáñez,Navarra,Salom
52,Zabaleta,Málaga,Roura
631,Zamora,Baleares,Higueras
1029,Zamora Shop,"",Almansa
1085,Zamora Shop,"",#ea60c5
1160,Zamora Shop,"",Elías
1199,Zamora Shop,Barcelona,Naranjo
1223,Zamora Shop,Cáceres,Casado
1235,Zamora Shop,"",Vélez
1271,Zamora Shop,La Coruña,Arranz
1318,Zamora Shop,La Coruña,Beltran
1489,Zamora Shop,Lugo,Cerdá
1517,Zamora Shop,Álava,Galindo
1672,Zamora Shop,Córdoba,Belmonte
1813,Zamora Shop,Granada,""
1825,Zamora Shop,"",Mascaró
1925,Zamora Shop,Cáceres,Isern
2004,Zamora Shop,Vizcaya,Blazquez
2150,Zamora Shop,La Rioja,Salamanca
2258,Zamora Shop,Baleares,Vargas
2351,Zamora Shop,Cádiz,Villar
2404,Zamora Shop,Ceuta,Roca
2474,Zamora Shop,Guipúzcoa,Pereira
2496,Zamora Shop,Barcelona,Sales
2514,Zamora Shop,La Coruña,Piquer
2652,Zamora Shop,Burgos,Losada
2673,Zamora Shop,Ciudad,Fernandez
2678,Zamora Shop,#f7a35d,Luna
2691,Zamora Shop,Las Palmas,Almeida
2904,Zamora Shop,"",Requena
476,Zapata,Granada,Villegas
507,Zaragoza,Badajoz,Molins
1001,Zaragoza Shop,Granada,Cabo
1063,Zaragoza Shop,"",Camps
1174,Zaragoza Shop,"",Díaz
1251,Zaragoza Shop,Badajoz,Taboada
1253,Zaragoza Shop,Palencia,Bauzà
1279,Zaragoza Shop,Cantabria,""
1309,Zaragoza Shop,Melilla,Botella
1313,Zaragoza Shop,Burgos,#d60a30
1331,Zaragoza Shop,Jaén,Elorza
1443,Zaragoza Shop,Lugo,""
1527,Zaragoza Shop,"",Guzman
1594,Zaragoza Shop,Vizcaya,Rincón
1662,Zaragoza Shop,Ciudad,Torrent
1676,Zaragoza Shop,Barcelona,Checa
1705,Zaragoza Shop,Córdoba,Fuster
1751,Zaragoza Shop,Lugo,Perez
1764,Zaragoza Shop,Alicante,Zabaleta
1780,Zaragoza Shop,Sevilla,Quintana
1803,Zaragoza Shop,Navarra,""
1876,Zaragoza Shop,"",Zamora
1893,Zaragoza Shop,Alicante,Cárdenas
1919,Zaragoza Shop,Baleares,""
1990,Zaragoza Shop,Guipúzcoa,Vicens
2043,Zaragoza Shop,"",Pintor
2135,Zaragoza Shop,La Coruña,Boada
2164,Zaragoza Shop,Guadalajara,""
2167,Zaragoza Shop,Burgos,Reguera
2233,Zaragoza Shop,La Coruña,Ferrán
2425,Zaragoza Shop,Burgos,Quiroga
2428,Zaragoza Shop,Badajoz,Gargallo
2587,Zaragoza Shop,Soria,Rocha
2623,Zaragoza Shop,Córdoba,Salcedo
2653,Zaragoza Shop,Badajoz,Bernat
2742,Zaragoza Shop,Palencia,Elorza
2844,Zaragoza Shop,Alicante,Coca
998,Zurita,Cuenca,Uriarte
913,Águila,Zaragoza,Pavón
282,Álamo,Segovia,Caballero
1038,Álava Shop,Vizcaya,Montoya
1053,Álava Shop,"",""
1172,Álava Shop,Valencia,Abella
1181,Álava Shop,Zamora,Amaya
1314,Álava Shop,Asturias,""
1385,Álava Shop,#8de876,Montes
1492,Álava Shop,"",""
1499,Álava Shop,"",Olivera
1501,Álava Shop,#6f51c1,Alberto
1654,Álava Shop,Córdoba,Aznar
1723,Álava Shop,"",Rivero
1771,Álava Shop,Ávila,Segovia
1853,Álava Shop,Málaga,Oliva
1980,Álava Shop,Palencia,Juan
1988,Álava Shop,"",Alcalde
2028,Álava Shop,Cádiz,Carmona
2078,Álava Shop,Castellón,Arribas
2165,Álava Shop,"",""
2313,Álava Shop,Murcia,""
2516,Álava Shop,"",Fonseca
2541,Álava Shop,Santa Cruz de Tenerife,""
2640,Álava Shop,Vizcaya,Morcillo
2826,Álava Shop,Jaén,Andrés
2851,Álava Shop,Ourense,Balaguer
149,Ávila,Zaragoza,Heredia
1002,Ávila Shop,Girona,""
1102,Ávila Shop,Alicante,""
1111,Ávila Shop,Cantabria,Campo
1158,Ávila Shop,Huesca,Plaza
1289,Ávila Shop,Albacete,#8b9ded
1305,Ávila Shop,Lleida,Segovia
1350,Ávila Shop,Huesca,Murcia
1403,Ávila Shop,Lleida,Valdés
1752,Ávila Shop,Burgos,Méndez
2012,Ávila Shop,Asturias,#e5a0c3
2022,Ávila Shop,Granada,Contreras
2046,Ávila Shop,Melilla,Barriga
2180,Ávila Shop,Zamora,Pera
2207,Ávila Shop,"",Cáceres
2266,Ávila Shop,#c2f4a1,Hidalgo
2352,Ávila Shop,Salamanca,""
2495,Ávila Shop,Badajoz,Salmerón
2569,Ávila Shop,Cádiz,Aragonés
2606,Ávila Shop,Guipúzcoa,""
2649,Ávila Shop,Cádiz,Márquez
2863,Ávila Shop,Almería,Moreno
2874,Ávila Shop,"",Santiago
2875,Ávila Shop,Palencia,Jimenez
2989,Ávila Shop,Guipúzcoa,""
